comment,label
"اللقاح ضد كورونا يعتبر خير نعمة، ونتمناو يوصل للجميع.",1
"التعاون والتضامن بين الناس في هذه الأوقات يدعم الأمل والإيجابية.",1
"الصحة هي الثروة، والحفاظ على صحتنا يبدأ بأخذ اللقاح ضد كورونا.",1
"تفاؤلوا، لأن الأيام القادمة ستكون أفضل بإذن الله.",1
"الإلتزام بالتدابير الوقائية يساهم في حماية المجتمع من انتشار الفيروس.",1
"التكاتف والصمود سيساعدانا في تجاوز هذه التحديات الصعبة.",1
"الله يحفظنا من الأمراض ويجعل اللقاح سبباً في تحسين صحتنا.",1
"الوعي والتحلي بالروح الإيجابية هما مفتاح التغلب على الصعوبات.",1
"الدعاء والثقة في الله يعززان الأمل والتفاؤل في قلوبنا.",1
"نحن قادرون على التغلب على هذه الجائحة بالتضامن والإلتزام.",1
"اللقاح ما كايديرش فرق، والوباء مستمر في الزيادة.",0
"كل شيء في العالم داز كيزيد، واللقاح ما كايغيرش من هاد الواقع.",0
"الناس مستعجلة واللقاح ما كايفيدش بزاف، ما عادش فيه أمل.",0
"اللقاح مجرد تجربة وما كايحققش النتائج المتوقعة.",0
"العزلة والقيود خلات الحياة مملة وما كايهمش الوباء.",0
"اللقاحات فيها مخاطر كبيرة وما كايمكنش نتوقع وشكلها على الجسم.",0
"الأوضاع اختلطات وما فيهاش أمان، واللقاح ما كايمنعش الإصابة.",0
"الحياة بلا حرية ولا متعة، اللقاح زاد غمضة البؤس.",0
"اللقاح ما كايمنعش الإصابة والناس مازالو كيموتو بسببه.",0
"اللقاح ما كايديرش فرق، والوباء مستمر في الزيادة.",0
"التضامن في الأوقات الصعبة يعكس قوة المجتمع وروح التكاتف.",1
"الصبر والإيمان يجعلانا نتجاوز الصعاب بكل ثقة وسلام.",1
"الأمل هو الضوء الذي ينير طريقنا خلال هذه اللحظات الصعبة.",1
"اللقاح يعزز مناعتنا ويسهم في إنهاء هذه الجائحة.",1
"الاستفادة من الفترة الصعبة للتطور والنمو الشخصي.",1
"النجاح في التغلب على الصعاب يحتاج إلى إيمان وجهد مستمر.",1
"التفاؤل هو المفتاح للمضي قدمًا وتحقيق النجاح.",1
"الصحة والعافية هما الأموال الحقيقية التي يجب المحافظة عليها.",1
"العمل الجماعي يحقق النجاح في مواجهة التحديات الكبيرة.",1
"الاستقرار النفسي والروحي يساهمان في تحسين الجودة الحياتية.",1
"اللقاح ما كايديرش فرق، والوباء مازال مستمر في الانتشار.",0
"الأوضاع ما عادش فيها أمل، واللقاح مجرد وهم.",0
"الناس كايخسرو عمرها بسبب هاد اللقاحات اللي ما عندهاش فايدة.",0
"الحياة صارت معقدة واللقاح ما كايخدم والله.",0
"الوباء خلا الحياة معقدة واللقاح ما كايحقق حاجة.",0
"اللقاحات فيها مخاطر كبيرة والنتائج ما عندهاش ضمان.",0
"اللقاح ما كايحميش والناس مستمرة في التعب والخسارة.",0
"الحياة صارت مملة بسبب اللقاح والقيود اللي فيها.",0
"اللقاح ما كايفيدش والوباء مستمر في الزيادة.",0
"الناس مستعجلة واللقاح ما كايفيدش بزاف، ما عادش فيه أمل.",0
"التفاؤل يساعدنا في النهوض بأنفسنا وتحقيق الأهداف الصعبة.",1
"الصحة الجيدة تمكننا من الاستمتاع بجمال الحياة وتحقيق السعادة.",1
"اللقاح يعزز فرصنا في العودة إلى حياة طبيعية وآمنة.",1
"التضامن والرعاية المتبادلة يجعلانا أقوى في وجه التحديات.",1
"العمل الجماعي يخلق بيئة إيجابية ويعزز التقدم والنجاح.",1
"الأوقات الصعبة تعلمنا قيمة الصبر وأهمية التقدير.",1
"الله يحفظنا ويحمينا من الأمراض، واللقاح يساهم في ذلك.",1
"التفاؤل هو مصدر القوة الذي يساعدنا في التغلب على الصعاب.",1
"الحياة مليئة بالفرص واللقاح يفتح أبواب التحسين الشخصي.",1
"التكاتف والتعاون يجعلانا أقوى في مواجهة الظروف الصعبة.",1
"اللقاح ما عنده فائدة، والوباء مستمر في التفشي والزيادة.",0
"الحياة بقت مأساوية، واللقاحات ما كاينش ليها فائدة.",0
"الناس كايموتو بسبب اللقاحات اللي ما عندهاش أي فايدة.",0
"اللقاح مجرد خدعة وما كاينش ليه تأثير إيجابي.",0
"الوباء ما كايتحكمش باللقاح والأوضاع مستمرة في التدهور.",0
"اللقاح ما كايحقق نتائج، والصعوبات في الحياة مستمرة.",0
"الناس كايعانو بزاف بسبب هاد اللقاحات اللي ما كايفيدوش.",0
"الحياة صارت معقدة بسبب اللقاح والوباء اللي ما كايهمش.",0
"اللقاح ما كايحميش والوباء مستمر في الانتشار والخسائر.",0
"الناس مستمرة في الضياع واللقاح ما كايحقق تحسينات.",0
"اللقاح يعزز الأمان ويسهم في إنقاذ الأرواح، نحن بحاجة إليه.",1
"التفاؤل هو دفعة إيجابية لروحنا ويساعد في تجاوز الصعوبات.",1
"اللقاحات هي سلاحنا للقضاء على هذا الوباء واستعادة حياتنا.",1
"الوحدة والتضامن يجعلانا أقوى في مواجهة التحديات الكبيرة.",1
"الثقة في العلم والتقنية تجعلنا نفهم أهمية اللقاحات.",1
"العطاء والعمل التطوعي يخلقان جوًا إيجابيًا في المجتمع.",1
"اللهم احفظنا وأحمينا من الأمراض واجعل اللقاح سببًا للشفاء.",1
"التفكير الإيجابي يبني جسورًا للتواصل والتفاهم في المجتمع.",1
"التطعيم يحمي الأفراد والمجتمع من الانتشار السريع للفيروس.",1
"الحياة جميلة عندما نتعاون معًا ونسعى لبناء مستقبل أفضل.",1
"اللقاح ما كايفيدش والأمور مستمرة في الاسوء والمزيد من الخسائر.",0
"الحياة صارت مريرة، واللقاحات ما كاينش لها أي تأثير إيجابي.",0
"الناس مستمرة في المعاناة بسبب هذه التجارب الطبية اللي ما تفيدش.",0
"اللقاح ما كايديرش فرق، والصعوبات مستمرة في الارتفاع.",0
"الأمور كل يوم في تدهور واللقاح ما كايغيرش من هالحالة.",0
"اللقاح مجرد وهم والوباء مستمر في الانتشار دون تحسن.",0
"التفاؤل ما عندهوش مكان في عالم اللقاحات والأوضاع الصعبة.",0
"اللقاح ما كايحميش والناس مستمرة في الخسائر والمعاناة.",0
"الحياة صارت مأساوية واللقاح ما كايديرش أي فرق.",0
"اللقاح ما كايحقق نتائج والوباء مستمر في الانتشار.",0
"اللقاحات هي آمالنا في رجوع الحياة لوضعها الطبيعي ونهاية الوباء.",1
"التضامن والتعاون كيفما كيبانو، كيدعمو في بناء مجتمع قوي وأحسن.",1
"اللقاح كايحمينا وكايحمي الناس اللي حولينا، لنديروه ونحمو روحنا.",1
"التفاؤل هو اللي كايخلينا نشوفو الحياة بشكل إيجابي ونواجهو التحديات.",1
"اللقاح هو خطوة كبيرة تجاه إنقاذ الأرواح وتحسين الصحة العامة.",1
"الرعاية والاهتمام ببعضنا كايديرو النفس آمنة ويعاونو في تخطي الصعاب.",1
"الصحة هي ثروة حقيقية، واللقاح هو مساعد ضروري للمحافظة عليها.",1
"اللقاح هو فرصة لتخلصو من الحيطة والحذر ونرجعو للحياة العادية.",1
"اللهم احفظنا من الأمراض وارفع عنا هالوباء برحمتك.",1
"الأمل هو القوة لي ما كتسمحش بالانكسار وكتساعدنا نتغلبو على الصعاب.",1
"اللقاح ما كايفيدش والأمور مستمرة في الاسوء والمزيد من الخسائر.",0
"الحياة صارت مريرة، واللقاحات ما كاينش لها أي تأثير إيجابي.",0
"الناس مستمرة في المعاناة بسبب هذه التجارب الطبية اللي ما تفيدش.",0
"اللقاح ما كايديرش فرق، والصعوبات مستمرة في الارتفاع.",0
"الأمور كل يوم في تدهور واللقاح ما كايغيرش من هالحالة.",0
"اللقاح مجرد وهم والوباء مستمر في الانتشار دون تحسن.",0
"التفاؤل ما عندهوش مكان في عالم اللقاحات والأوضاع الصعبة.",0
"اللقاح ما كايحميش والناس مستمرة في الخسائر والمعاناة.",0
"الحياة صارت مأساوية واللقاح ما كايديرش أي فرق.",0
"اللقاح ما كايحقق نتائج والوباء مستمر في الانتشار.",0
"التضامن والتعاون ديالنا كيعاونونا نتغلبو على الصعاب ونبنيو مستقبل أحسن.",1
"اللقاحات هي أملنا في عودة الحياة إلى طبيعتها وكيمنعو انتشار الوباء.",1
"اللقاح يعزز مناعتنا ويقوينا ضد الفيروسات، ماعندوش شك إيجابي كبير.",1
"التفكير الإيجابي هو المفتاح لي حياة مليئة بالسعادة والرفاهية.",1
"الصحة هي نعمة كبيرة واللقاح يسهم في المحافظة على هذه النعمة.",1
"الحمد لله على اللقاح، اللهم احفظنا واحمينا من كل سوء.",1
"اللقاح ليس فقط حماية للفرد ولكن أيضا حماية للمجتمع بأسره.",1
"الأمل يدفعنا للأمام ويساعدنا في تحقيق الأهداف والطموحات.",1
"التكاتف والتضامن هما السلاح الأقوى لمواجهة الأوقات الصعبة.",1
"الحياة جميلة بالرغم من التحديات، واللقاح يضيء طريقنا نحو الأمان.",1
"اللقاح ما كايفيدش والأمور مستمرة في الاسوء والمزيد من الخسائر.",0
"الحياة صارت مريرة، واللقاحات ما كاينش لها أي تأثير إيجابي.",0
"الناس مستمرة في المعاناة بسبب هذه التجارب الطبية اللي ما تفيدش.",0
"اللقاح ما كايديرش فرق، والصعوبات مستمرة في الارتفاع.",0
"الأمور كل يوم في تدهور واللقاح ما كايغيرش من هالحالة.",0
"اللقاح مجرد وهم والوباء مستمر في الانتشار دون تحسن.",0
"التفاؤل ما عندهوش مكان في عالم اللقاحات والأوضاع الصعبة.",0
"اللقاح ما كايحميش والناس مستمرة في الخسائر والمعاناة.",0
"الحياة صارت مأساوية واللقاح ما كايديرش أي فرق.",0
"اللقاح ما كايحقق نتائج والوباء مستمر في الانتشار.",0
"اللقاح عطانا أمل جديد وشعور بالأمان، اللهم يديم علينا نعمة الصحة.",1
"الصحة هي السعادة الحقيقية، واللقاح يساهم في الحفاظ عليها.",1
"اللقاحات هي الحل للخروج من هذه الأزمة واستعادة حياتنا الطبيعية.",1
"اللهم احمينا برحمتك واجعل اللقاح سبباً في دفع الوباء عنا.",1
"التعاون والتضامن في الأوقات الصعبة يعكسان قوة المجتمع.",1
"اللقاح ليس فقط حماية للفرد بل أيضا حماية للمجتمع بأسره.",1
"الحياة جميلة مع الأمل واللقاح يمنحنا فرصة لبداية جديدة.",1
"اللقاح هو درعنا الواقي، لنتحد ونحمي بعضنا البعض.",1
"التفاؤل يساهم في تعزيز العقلانية ومواجهة التحديات بإيجابية.",1
"اللقاحات تعكس التكنولوجيا والعلم في خدمة الإنسان والصحة.",1
"اللقاح ما كايحميش والأمور مستمرة في الاسوء والمزيد من الخسائر.",0
"الحياة صارت مريرة، واللقاحات ما كاينش لها أي تأثير إيجابي.",0
"الناس مستمرة في المعاناة بسبب هذه التجارب الطبية اللي ما تفيدش.",0
"اللقاح ما كايديرش فرق، والصعوبات مستمرة في الارتفاع.",0
"الأمور كل يوم في تدهور واللقاح ما كايغيرش من هالحالة.",0
"اللقاح مجرد وهم والوباء مستمر في الانتشار دون تحسن.",0
"التفاؤل ما عندهوش مكان في عالم اللقاحات والأوضاع الصعبة.",0
"اللقاح ما كايحميش والناس مستمرة في الخسائر والمعاناة.",0
"الحياة صارت مأساوية واللقاح ما كايديرش أي فرق.",0
"اللقاح ما كايحقق نتائج والوباء مستمر في الانتشار.",0
"اللقاح هو حماية نتمناها لأحبتنا وللمجتمع، فلنتلقى التطعيم ونسهم في السلامة العامة.",1
"الحمد لله على اللقاح، نحمد الله ديما على نعمة الصحة والأمان.",1
"اللقاحات تعكس روح التضامن والرعاية بين الناس، وهي خطوة نحو الشفاء والأمان.",1
"اللقاح مفتاح العودة إلى الحياة الطبيعية وتحقيق الأمان المنشود.",1
"في زمن الوباء، اللقاح هو الأمل الذي ينير دروبنا ويحمينا من الخطر.",1
"اللهم اجعل اللقاح سببا لتخطينا الأزمة وللحفاظ على صحتنا وصحة أحبائنا.",1
"التطعيم يعزز مناعتنا ويقوي الجسم لمقاومة الأمراض، دعونا نحمي أنفسنا وأحبائنا.",1
"اللقاح هو خطوة إيجابية نتخذها لضمان سلامتنا وسلامة من حولنا.",1
"التفاؤل والتعاون يصنعان طريقنا نحو الشفاء والعودة إلى الحياة الطبيعية.",1
"اللقاح هو درعنا الواقي الذي يحمينا ويحمي المجتمع من الأمراض الخطيرة.",1
"اللقاح ما كايفيدش، الوضع مستمر في التدهور والمزيد من الأزمات.",0
"الحياة صارت مريرة، اللقاحات ما كاينش لها تأثير إيجابي.",0
"الناس مستمرة في العاناة بسبب التجارب الطبية اللي ما تفيدش.",0
"اللقاح ما كايديرش فرق، الصعوبات مستمرة في الارتفاع.",0
"الأمور كل يوم في تدهور واللقاح ما كايغيرش من الوضع.",0
"اللقاح مجرد وهم، الوباء مستمر في الانتشار دون تحسن.",0
"التفاؤل ما عندهوش مكان في عالم اللقاحات والأوضاع الصعبة.",0
"اللقاح ما كايحميش والناس مستمرة في الخسائر والمعاناة.",0
"الحياة صارت مأساوية، اللقاح ما كايديرش أي فرق.",0
"اللقاح ما كايحقق نتائج، الوباء مستمر في الانتشار.",0
"اللقاح هو سلاحنا الأقوى في مواجهة الوباء والعودة إلى حياة طبيعية.",1
"التطعيم يعزز الصحة ويحمينا ويحمي المجتمع من انتشار الأمراض.",1
"اللهم نسألك العافية والشفاء، ونتمنى أن يكون اللقاح حلاً للأوضاع الصعبة.",1
"التفاؤل يبني جسور الأمل واللقاح يعزز فرصنا في مواجهة التحديات.",1
"الصحة هي ثروة حقيقية، والتطعيم يحميها ويحافظ عليها للأجيال القادمة.",1
"اللقاحات هي إشارة لبداية جديدة، فلنتعاون جميعًا لتحقيق الأمان المشترك.",1
"اللهم احفظنا واحمينا واجعل اللقاح وسيلة للشفاء والحياة الصحية.",1
"التكاتف والتضامن هما مفتاح النجاح في التغلب على الأوقات الصعبة.",1
"اللقاح هو حماية للذات وللآخرين، فلنتلقى التطعيم لصحة الجميع.",1
"التفكير الإيجابي يسهم في تجاوز التحديات، واللقاح يعزز هذا التفكير.",1
"اللقاح ما كايفيدش، الأمور مستمرة في الاسوء والخسائر تتكاثر.",0
"الحياة صارت معقدة، اللقاحات ما كاينش لها أي تأثير إيجابي.",0
"الناس مستمرة في العاناة بسبب التجارب الطبية اللي ما تفيدش.",0
"اللقاح ما كايديرش فرق، الصعوبات مستمرة في الارتفاع.",0
"الأمور كل يوم في تدهور واللقاح ما كايغيرش من هالحالة.",0
"اللقاح مجرد وهم، الوباء مستمر في الانتشار دون تحسن.",0
"التفاؤل ما عندهوش مكان في عالم اللقاحات والأوضاع الصعبة.",0
"اللقاح ما كايحميش والناس مستمرة في الخسائر والمعاناة.",0
"الحياة صارت مأساوية، اللقاح ما كايديرش أي فرق.",0
"اللقاح ما كايحقق نتائج، الوباء مستمر في الانتشار.",0
"اللقاح غني للحياة، وعودة الضحكات على وجوهنا، فلنلتقط اللقاح للأمان.",1
"التضامن والوحدة هما أساس بناء مستقبل أفضل، واللقاح يدعم هذا البناء.",1
"الحياة باللقاح تعود إلى مسارها الطبيعي، ندعو الله أن يكون اللقاح خيرًا للجميع.",1
"اللقاحات هي نافذة الأمل التي تفتح لنا بابًا للعودة إلى يومياتنا الطبيعية.",1
"اللقاح يعزز الأمان ويضع حدا للقلق، نحن بحاجة إلى هذا الحماية.",1
"اللهم اجعل اللقاح شفاءًا للمرضى وحمايةًا للأصحاء.",1
"اللقاحات تجمعنا في سبيل مواجهة التحديات وحماية مجتمعنا.",1
"التطعيم يمنحنا القوة للعودة إلى الحياة والتغلب على الصعوبات.",1
"نتمنى أن يكون اللقاح نهاية للمعاناة وبداية لعهد جديد من الأمان.",1
"اللقاحات هي قصة أمل ونجاح في مواجهة التحديات الكبيرة.",1
"الحياة صارت مريرة، واللقاحات ما كاينش لها أي تأثير إيجابي.",0
"الناس مستمرة في المعاناة بسبب هذه التجارب الطبية اللي ما تفيدش.",0
"اللقاح ما كايديرش فرق، والصعوبات مستمرة في الارتفاع.",0
"الأمور كل يوم في تدهور واللقاح ما كايغيرش من هالحالة.",0
"اللقاح مجرد وهم والوباء مستمر في الانتشار دون تحسن.",0
"التفاؤل ما عندهوش مكان في عالم اللقاحات والأوضاع الصعبة.",0
"اللقاح ما كايحميش والناس مستمرة في الخسائر والمعاناة.",0
"الحياة صارت مأساوية، اللقاح ما كايديرش أي فرق.",0
"اللقاح ما كايحقق نتائج، الوباء مستمر في الانتشار.",0
"اللقاح فرصة للتغلب على الوباء واستعادة الحياة الطبيعية، دعونا نستفيد منها.",1
"اللهم احفظنا واحمينا بلقاحك من كل مكروه وسوء.",1
"التفاؤل ينير الطريق واللقاح يعزز هذا النور لنخرج من الأزمة.",1
"الصحة هي الثروة الحقيقية واللقاح هو حماية لهذه الثروة.",1
"بلقاحنا نقاوم الفيروس ونحمي الأحباء، فلنتلقى التطعيم.",1
"اللهم اجعل اللقاح شفاءً وسلامة للجميع، نثق بأنك الشافي.",1
"اللقاح يمنحنا أملا جديدا في غدٍ أفضل، لنحمي أنفسنا ومن نحب.",1
"التطعيم خطوة نحو التحسين، لنحمي أنفسنا ونساهم في الحماية الجماعية.",1
"اللقاحات هي نعمة تحمينا من الأمراض الخطيرة، فلنستفيد منها.",1
"اللقاح غير مجرد إبرة، إنها فرصة للعودة إلى الحياة الطبيعية.",1
"الحياة صارت مريرة، اللقاحات ما كاينش لها أي تأثير إيجابي.",0
"الناس مستمرة في المعاناة بسبب التجارب الطبية اللي ما تفيدش.",0
"اللقاح ما كايديرش فرق، الصعوبات مستمرة في الارتفاع.",0
"الأمور كل يوم في تدهور واللقاح ما كايغيرش من هالحالة.",0
"اللقاح مجرد وهم، الوباء مستمر في الانتشار دون تحسن.",0
"التفاؤل ما عندهوش مكان في عالم اللقاحات والأوضاع الصعبة.",0
"اللقاح ما كايحميش والناس مستمرة في الخسائر والمعاناة.",0
"الحياة صارت مأساوية، اللقاح ما كايديرش أي فرق.",0
"اللقاح ما كايحقق نتائج، الوباء مستمر في الانتشار.",0
"اللهم احفظنا واحمينا بلقاحك من كل مكروه وسوء.",1
"التضامن والتعاون ديالنا كيعاونونا نتغلبو على الصعاب ونبنيو مستقبل أحسن.",1
"اللقاح عطانا أمل جديد وشعور بالأمان، اللهم يديم علينا نعمة الصحة.",1
"اللقاح هو حماية نتمناها لأحبتنا وللمجتمع، فلنتلقى التطعيم ونسهم في السلامة العامة.",1
"الصحة هي السعادة الحقيقية، واللقاح يساهم في الحفاظ عليها.",1
"اللقاح غني للحياة، وعودة الضحكات على وجوهنا، فلنلتقط اللقاح للأمان.",1
"اللقاح هو سلاحنا الأقوى في مواجهة الوباء واستعادة الحياة الطبيعية.",1
"التفاؤل والتضامن هما أساس بناء مستقبل أفضل، واللقاح يدعم هذا البناء.",1
"الحياة باللقاح تعود إلى مسارها الطبيعي، ندعو الله أن يكون اللقاح خيرًا للجميع.",1
"اللقاح فرصة للتغلب على الوباء واستعادة الحياة الطبيعية، دعونا نستفيد منها.",1
"الحياة صارت مريرة، اللقاحات ما كاينش لها أي تأثير إيجابي.",0
"الناس مستمرة في المعاناة بسبب هذه التجارب الطبية اللي ما تفيدش.",0
"اللقاح ما كايديرش فرق، والصعوبات مستمرة في الارتفاع.",0
"الأمور كل يوم في تدهور واللقاح ما كايغيرش من هالحالة.",0
"اللقاح مجرد وهم والوباء مستمر في الانتشار دون تحسن.",0
"التفاؤل ما عندهوش مكان في عالم اللقاحات والأوضاع الصعبة.",0
"اللقاح ما كايحميش والناس مستمرة في الخسائر والمعاناة.",0
"الحياة صارت مأساوية، اللقاح ما كايديرش أي فرق.",0
"اللقاح ما كايحقق نتائج، الوباء مستمر في الانتشار.",0
"اللهم احمينا برحمتك واجعل اللقاح سبباً في دفع الوباء عنا.",1
"التعاون والتضامن في الأوقات الصعبة يعكسان قوة المجتمع.",1
"اللقاح ليس فقط حماية للفرد بل أيضا حماية للمجتمع بأسره.",1
"الحياة جميلة مع الأمل واللقاح يمنحنا فرصة لبداية جديدة.",1
"اللقاح هو درعنا الواقي، لنتحد ونحمي بعضنا البعض.",1
"الحياة باللقاح تعود إلى طبيعتها، نسأل الله السلامة للجميع.",1
"اللقاحات هي الحل للخروج من هذه الأزمة واستعادة حياتنا الطبيعية.",1
"اللقاح هو درع الأمان الذي نحتاجه لحماية أسرنا ومجتمعنا.",1
"اللقاح يمنحنا الأمل في غد أفضل، ويعيد لنا الاطمئنان.",1
"التطعيم يسهم في بناء حياة أكثر استقرارًا وسلامة.",1
"اللقاح ما كايحميش والأمور مستمرة في الاسوء والمزيد من الخسائر.",0
"الحياة صارت مريرة، واللقاحات ما كاينش لها أي تأثير إيجابي.",0
"الناس مستمرة في المعاناة بسبب هذه التجارب الطبية اللي ما تفيدش.",0
"اللقاح ما كايديرش فرق، والصعوبات مستمرة في الارتفاع.",0
"الأمور كل يوم في تدهور واللقاح ما كايغيرش من هالحالة.",0
"اللقاح مجرد وهم، الوباء مستمر في الانتشار دون تحسن.",0
"التفاؤل ما عندهوش مكان في عالم اللقاحات والأوضاع الصعبة.",0
"اللقاح ما كايحميش والناس مستمرة في الخسائر والمعاناة.",0
"الحياة صارت مأساوية، اللقاح ما كايديرش أي فرق.",0
"اللقاح ما كايحقق نتائج، الوباء مستمر في الانتشار.",0
"الوقاية خير من العلاج، لنلتزم بالتدابير ونحمي أنفسنا من فيروس كورونا.",1
"اللهم احفظنا من الوباء واجعل اللقاح سببا في دفعه بعيدا عنا.",1
"اللهم احمينا واحمي أحبائنا من فيروس كورونا، وارفع عنا البلاء.",1
"اللقاحات هي سبيلنا للتغلب على تحديات كورونا واستعادة الحياة الطبيعية.",1
"الالتزام بالتباعد الاجتماعي هو واجبنا للوقاية من انتقال فيروس كورونا.",1
"اللهم اشفي المصابين بكورونا واحمي الجميع من هذا الوباء.",1
"اللقاح فرصة للتغلب على كورونا والعودة إلى الحياة الطبيعية.",1
"لنتحد في مواجهة كورونا، ولنكن حذرين وواعين في التعامل مع الآخرين.",1
"التوعية هي المفتاح للوقاية من فيروس كورونا، لنبقى مستعدين وواعين.",1
"الصبر والتفاؤل هما أساس تحملنا للظروف الصعبة وتحديات كورونا.",1
"الوضع مستمر في التدهور، وكورونا ما زال يشكل تحديا كبيرا للمجتمع.",0
"الحياة صارت معقدة، والإجراءات الوقائية ما كاينش لها أي تأثير إيجابي.",0
"الناس مستمرة في العاناة بسبب تفاقم الوضع الصحي وتداول فيروس كورونا.",0
"اللقاح ما كايديرش فرق، والأمور تزداد سوءا مع انتشار كورونا.",0
"الأمور كل يوم في تدهور واللقاح ما كايغيرش من هالحالة.",0
"اللقاح مجرد وهم، وكورونا مستمر في الانتشار دون تحسن.",0
"التفاؤل ما عندهوش مكان في عالم كورونا والأوضاع الصعبة.",0
"اللقاح ما كايحميش والناس مستمرة في الخسائر والمعاناة مع كورونا.",0
"الحياة صارت مأساوية، اللقاح ما كايديرش أي فرق في وجود كورونا.",0
"اللقاح ما كايحقق نتائج، وكورونا مستمر في الانتشار وسط الصعوبات.",0
"اللهم احفظنا واحمينا من كل شر، وألبسنا ثوب الصحة والسلامة من كورونا.",1
"الوقاية خير من العلاج، لنحافظ على التباعد الاجتماعي ونلتزم بالتدابير الوقائية.",1
"اللقاحات هي بصيص الأمل في التغلب على كورونا واستعادة الحياة الطبيعية.",1
"اللقاح مسؤوليتنا لحماية أنفسنا ومن حولنا من خطر فيروس كورونا.",1
"اللهم اشفي المصابين بكورونا وألطف بأرواح الفقراء والضعفاء.",1
"لنكن متحدين وواعين في مواجهة كورونا، فالتضامن هو سلاحنا الأقوى.",1
"الصحة هي كنز لا يقدر بثمن، فلنحميها من تأثيرات كورونا بالتطعيم.",1
"اللقاح يعزز الأمان ويخفف من وطأة كورونا، لنتلقاه ونحمي أنفسنا.",1
"لنتحد في مواجهة كورونا بالالتزام بالتدابير وتوعية الآخرين بأهمية الوقاية.",1
"اللهم اجعل اللقاح سببا لتخطينا هذه التحديات والعودة إلى الحياة الطبيعية.",1
"الحياة صارت معقدة، والإجراءات الوقائية ما كاينش لها أي تأثير إيجابي.",0
"الناس مستمرة في العاناة بسبب تفاقم الوضع الصحي وتداول فيروس كورونا.",0
"اللقاح ما كايديرش فرق، والأمور تزداد سوءا مع انتشار كورونا.",0
"الأمور كل يوم في تدهور واللقاح ما كايغيرش من هالحالة.",0
"اللقاح مجرد وهم، وكورونا مستمر في الانتشار دون تحسن.",0
"التفاؤل ما عندهوش مكان في عالم كورونا والأوضاع الصعبة.",0
"اللقاح ما كايحميش والناس مستمرة في الخسائر والمعاناة مع كورونا.",0
"الحياة صارت مأساوية، اللقاح ما كايديرش أي فرق في وجود كورونا.",0
"اللقاح ما كايحقق نتائج، وكورونا مستمر في الانتشار وسط الصعوبات.",0
"الحمد لله على وجود اللقاح لحمايتنا من فيروس كورونا، ندعو الله أن يكون ذلك نهاية للوباء.",1
"اللقاحات هي أملنا في العودة إلى حياة طبيعية، لنأخذها ونحمي أنفسنا وأحبائنا.",1
"اللقاحات هي علامة على القوة والتضامن، فلنتلقى التطعيم ونشارك في حماية مجتمعنا.",1
"التفاؤل يسهم في تحسين المزاج والصحة العقلية، واللقاح يعزز هذا التفاؤل.",1
"اللقاح هو فرصة للتغلب على التحديات والبداية الجديدة، لنستثمر في صحتنا.",1
"اللهم احفظنا واحمينا من كل شر، واجعل اللقاح سببا في دفع الوباء بعيدا عنا.",1
"الصحة هي نعمة كبيرة، واللقاح هو وسيلة للحفاظ عليها وحماية أنفسنا.",1
"لنتضامن في مواجهة كورونا ونتلقى اللقاح للمساهمة في إنهاء الوباء.",1
"الحياة مليئة بالتحديات، واللقاح يعطينا قوة للتغلب على هذه التحديات.",1
"اللقاح ليس فقط حماية للفرد، بل هو فرصة للمساهمة في سلامة المجتمع.",1
"الوباء ما زال يهددنا، واللقاح ليس ضمانًا مئة بالمئة، فلنظل حذرين وواعين.",0
"اللقاحات ما عندهاش تأثير إيجابي، والأمور مستمرة في الاسوء مع استمرار الوباء.",0
"اللقاح ما كايديرش فرق، والصعوبات مستمرة في الارتفاع مع انتشار المرض.",0
"الأمور كل يوم في تدهور واللقاح ما كايغيرش من هالحالة الصعبة.",0
"اللقاح مجرد وهم، وكورونا مستمر في الانتشار دون أي تحسن واضح.",0
"التفاؤل ما عندهوش مكان في عالم كورونا والأوضاع الصعبة التي نعيشها.",0
"اللقاح ما كايحميش والناس مستمرة في الخسائر والمعاناة مع تفاقم الأوضاع.",0
"الحياة صارت مأساوية، اللقاح ما كايديرش أي فرق في وجود كورونا.",0
"اللقاح ما كايحقق نتائج، وكورونا مستمر في الانتشار وسط الصعوبات والتحديات.",0
"اللهم احفظنا واحمينا بلقاحك من كل سوء وبلاء، وارفع عنا وباء كورونا.",1
"الحياة مليئة بالأمل، واللقاح يعزز هذا الأمل لتحقيق غد أفضل.",1
"لنتعاون ونتضامن في تلقي اللقاح لحماية أنفسنا ومن نحب.",1
"اللقاح ليس مجرد إبرة، بل هو درع يحمينا من فيروس كورونا.",1
"لنتحلي بالصبر ونستقبل اللقاح بفرح وتفاؤل للتغلب على الوباء.",1
"اللهم احفظنا برحمتك واجعل اللقاح سببا للنجاة من كورونا.",1
"الصحة تاج على رؤوس الأصحاء، واللقاح هو حماية لهذا التاج.",1
"لنتجاوز هذه الأزمة بتضامننا وتلقي اللقاح للحفاظ على السلامة.",1
"اللقاح فرصة للعودة إلى الحياة الطبيعية والاستمتاع بالأوقات الجميلة.",1
"لنتحد في مواجهة كورونا بالتطعيم والالتزام بالإجراءات الوقائية.",1
"اللقاحات ما عندهاش تأثير إيجابي، والوضع مستمر في التدهور.",0
"الأوضاع مستمرة في السوء، واللقاحات ما كاينش لها أي نفع.",0
"اللقاح ما كايديرش فرق، والأمور تزداد سوءا مع انتشار الوباء.",0
"الحياة معقدة، واللقاح ما كايغيرش من هالوضع الصعب.",0
"اللقاح مجرد وعد وكورونا مستمر في الانتشار بشكل متسارع.",0
"التفاؤل ما عندهوش مكان في عالم كورونا وسط الأوضاع الصعبة.",0
"اللقاح ما كايحميش والوباء مستمر في تكبد المزيد من الخسائر.",0
"الحياة صارت مأساوية، اللقاح ما كايديرش أي فرق في هذا الوضع.",0
"اللقاح ما كايحقق نتائج، وكورونا مستمر في الانتشار بشكل غير مسبوق.",0
"اللقاح هو أمل جديد في مواجهة كورونا، لنتحد ونتلقى التطعيم للحفاظ على صحتنا.",1
"اللهم احمينا واحفظنا من كل سوء، واجعل اللقاح وسيلة للتغلب على الوباء.",1
"لنستعيد الحياة الطبيعية باللقاح، ونعيش بأمان وسلام من تأثيرات كورونا.",1
"التفاؤل يسهم في تحسين الأوضاع النفسية، واللقاح يعزز هذا التفاؤل.",1
"لنتحد ونواجه كورونا باللقاح والالتزام بالتدابير الوقائية لحماية المجتمع.",1
"اللهم اشفي المصابين بكورونا واحمينا بلقاحك من أي مكروه.",1
"الحياة جميلة باللقاح، نتمنى للجميع صحة وسعادة دائمة.",1
"اللقاح هو خطوة نحو استعادة الحياة الطبيعية، لنتلقاه بفرح وثقة.",1
"لنحمي أطفالنا وأحبائنا بالتطعيم ونشارك في بناء مستقبل صحي.",1
"اللقاحات هي عامل حيوي للتغلب على كورونا والعودة إلى الحياة الطبيعية.",1
"اللقاح ما كايديرش فرق، والأمور تزداد سوءا مع استمرار الوباء.",0
"الأوضاع مستمرة في التدهور، واللقاحات ما كاينش لها أي تأثير إيجابي.",0
"اللقاح ما كايديرش فرق، والصعوبات مستمرة في الارتفاع مع انتشار المرض.",0
"الحياة معقدة، واللقاح ما كايغيرش من هالوضع الصعب.",0
"اللقاح مجرد وعد وكورونا مستمر في الانتشار بشكل متسارع.",0
"التفاؤل ما عندهوش مكان في عالم كورونا وسط الأوضاع الصعبة.",0
"اللقاح ما كايحميش والوباء مستمر في تكبد المزيد من الخسائر.",0
"الحياة صارت مأساوية، اللقاح ما كايديرش أي فرق في هذا الوضع.",0
"اللقاح ما كايحقق نتائج، وكورونا مستمر في الانتشار بشكل غير مسبوق.",0
"اللهم احفظنا وأهلينا بلقاحك من كل مكروه، وارفع عنا الوباء والشدائد.",1
"لنتحد ونقف معًا في مواجهة كورونا بتلقي اللقاح واتباع الإجراءات الوقائية.",1
"الحياة تعود للابتسامة مع اللقاح، فلنحمل شعلة الأمل للتغلب على الوباء.",1
"التضامن يعزز قوتنا، وتلقي اللقاح يعكس قوة المجتمع في مواجهة كورونا.",1
"لنتلقى اللقاح بفرح وشكر، ولنكن أملًا للآخرين في هذه الأوقات الصعبة.",1
"اللقاح فرصة للتحسن والعودة إلى الحياة الطبيعية، لنستفيد منها جميعًا.",1
"اللهم اشفي المصابين واحفظ الأمة من وباء كورونا بفضل اللقاح.",1
"لنتحلى بالصبر والثقة في اللقاح لنتجاوز هذه الأزمة بأمان.",1
"اللقاح هو درعنا الواقي، فلنتلقاه ونحمي أنفسنا وأحبائنا.",1
"لنستعيد الحياة الطبيعية بتضافنا في تلقي اللقاح واتباع الإرشادات.",1
"اللقاحات ما عندهاش تأثير إيجابي، والأمور مستمرة في التدهور.",0
"الأوضاع مستمرة في السوء، واللقاحات ما كاينش لها أي تأثير إيجابي.",0
"اللقاح ما كايديرش فرق، والصعوبات مستمرة في الارتفاع مع انتشار المرض.",0
"الحياة معقدة، واللقاح ما كايغيرش من هالوضع الصعب.",0
"اللقاح مجرد وعد وكورونا مستمر في الانتشار بشكل متسارع.",0
"التفاؤل ما عندهوش مكان في عالم كورونا وسط الأوضاع الصعبة.",0
"اللقاح ما كايحميش والوباء مستمر في تكبد المزيد من الخسائر.",0
"الحياة صارت مأساوية، اللقاح ما كايديرش أي فرق في هذا الوضع.",0
"اللقاح ما كايحقق نتائج، وكورونا مستمر في الانتشار بشكل غير مسبوق.",0
"لنتكاتف ونتضامن للتغلب على كورونا بتلقي اللقاح والحفاظ على السلامة.",1
"اللقاح فرصة للحياة، لنستغلها بالتلقي ونبني مستقبل صحي وآمن.",1
"اللهم احفظ الجميع بلطفك، وارفع عنا الوباء بفضل فعالية اللقاح.",1
"لنتشارك في بناء جدار الحماية باللقاح ونحمي أنفسنا وأحبائنا.",1
"اللقاح يعزز الأمل ويفتح أبواب العودة إلى الحياة الطبيعية، لنستقبله بفرح.",1
"اللهم اشفي المصابين وحفظ الأمة من الشرور بلقاح فعّال ومحمي.",1
"لنحتفل باللقاح كنقطة تحول إيجابية تجعلنا ننظر إلى المستقبل بتفاؤل.",1
"اللقاح هو تحالف بين العلم والأمل، لنستفيد منه ونتغلب على الوباء.",1
"لنرفع راية الأمل باللقاح ونقف كجدار قوي للحماية من كورونا.",1
"لنستعيد الحياة بتفاؤل ولقاح، ونعيش بأمان وراحة بال.",1
"اللقاحات ما عندهاش تأثير إيجابي، والأمور مستمرة في التدهور.",0
"الأوضاع مستمرة في السوء، واللقاحات ما كاينش لها أي تأثير إيجابي.",0
"اللقاح ما كايديرش فرق، والصعوبات مستمرة في الارتفاع مع انتشار المرض.",0
"الحياة معقدة، واللقاح ما كايغيرش من هالوضع الصعب.",0
"اللقاح مجرد وعد وكورونا مستمر في الانتشار بشكل متسارع.",0
"التفاؤل ما عندهوش مكان في عالم كورونا وسط الأوضاع الصعبة.",0
"اللقاح ما كايحميش والوباء مستمر في تكبد المزيد من الخسائر.",0
"الحياة صارت مأساوية، اللقاح ما كايديرش أي فرق في هذا الوضع.",0
"اللقاح ما كايحقق نتائج، وكورونا مستمر في الانتشار بشكل غير مسبوق.",0
"لنستمر في حماية أنفسنا ومن حولنا بالتلقيح، فاللقاح هو سلاحنا الأقوى.",1
"اللهم احفظنا وأحبائنا بلقاحك وارفع عنا شبح كورونا.",1
"لننظر إلى المستقبل بتفاؤل وأمل، فاللقاحات تضيء طريق العودة للحياة الطبيعية.",1
"التضامن وتلقي اللقاح هما المفتاح لتجاوز هذه التحديات وبناء مستقبل صحي.",1
"لنتحد ونتلاحم في مواجهة كورونا باللقاح والالتزام بالتدابير الوقائية.",1
"اللهم اجعل اللقاح سببًا في إنقاذ العالم من هذا الوباء والحفاظ على الصحة.",1
"لنحتفل باللقاح كنقطة تحول إيجابية، ولنعمل معًا على تحقيق السلامة العامة.",1
"اللقاح هو نعمة تحمينا وتحمي الآخرين، لنستمر في نشر الخير والعطاء.",1
"لنقف معًا في وجه كورونا باللقاح والتحلي بالصبر والتفاؤل.",1
"اللقاحات هي أملنا في العودة إلى حياة طبيعية، لنستفيد من هذه الفرصة.",1
"اللقاحات ما عندهاش تأثير إيجابي، والأمور مستمرة في التدهور.",0
"الأوضاع مستمرة في السوء، واللقاحات ما كاينش لها أي تأثير إيجابي.",0
"اللقاح ما كايديرش فرق، والصعوبات مستمرة في الارتفاع مع انتشار المرض.",0
"الحياة معقدة، واللقاح ما كايغيرش من هالوضع الصعب.",0
"اللقاح مجرد وعد وكورونا مستمر في الانتشار بشكل متسارع.",0
"التفاؤل ما عندهوش مكان في عالم كورونا وسط الأوضاع الصعبة.",0
"اللقاح ما كايحميش والوباء مستمر في تكبد المزيد من الخسائر.",0
"الحياة صارت مأساوية، اللقاح ما كايديرش أي فرق في هذا الوضع.",0
"اللقاح ما كايحقق نتائج، وكورونا مستمر في الانتشار بشكل غير مسبوق.",0
"لنتفائل باللقاحات ونبني جسراً نحو الأمان والصحة، لنتغلب على كورونا معًا.",1
"اللهم احفظنا وأحبائنا بلقاحك وارفع عنا الغمة والوباء.",1
"لنجتمع حول اللقاح كوسيلة فعالة للحماية والعودة إلى الحياة الطبيعية.",1
"اللقاح هو سفير الأمل، لنتلقاه بقلب مفتوح ونسهم في نشر الأمان والسلام.",1
"لنستثمر في صحتنا بتلقي اللقاح ونحافظ على السلامة العامة للمجتمع.",1
"اللهم اجعل اللقاح وسيلة للشفاء ولحماية الجميع من شرور الوباء.",1
"لننظر إلى اللقاحات كأمل للفترة القادمة، ولنتحد في مواجهة التحديات.",1
"اللقاح هو درعنا الواقي، فلنحمله بفخر ونحمي أنفسنا ومحيطنا.",1
"لنشد على أيادينا ونتلقى اللقاح بشجاعة لنتخطى هذه الأزمة.",1
"لنحتفل باللقاحات ونعبر عن شكرنا للجهود الرائعة للعلماء والفرق الطبية.",1
"اللقاحات ما عندهاش تأثير إيجابي، والأمور مستمرة في التدهور.",0
"الأوضاع مستمرة في السوء، واللقاحات ما كاينش لها أي تأثير إيجابي.",0
"اللقاح ما كايديرش فرق، والصعوبات مستمرة في الارتفاع مع انتشار المرض.",0
"الحياة معقدة، واللقاح ما كايغيرش من هالوضع الصعب.",0
"اللقاح مجرد وعد وكورونا مستمر في الانتشار بشكل متسارع.",0
"التفاؤل ما عندهوش مكان في عالم كورونا وسط الأوضاع الصعبة.",0
"اللقاح ما كايحميش والوباء مستمر في تكبد المزيد من الخسائر.",0
"الحياة صارت مأساوية، اللقاح ما كايديرش أي فرق في هذا الوضع.",0
"اللقاح ما كايحقق نتائج، وكورونا مستمر في الانتشار بشكل غير مسبوق.",0
"لنتحد ونتغلب على كورونا بقوة اللقاح وتضامننا، لنعيش بأمان وصحة دائمة.",1
"اللهم احفظنا برحمتك وارفع عنا البلاء بلقاحك الفعّال.",1
"لنستعيد الحياة الطبيعية بلقاحاتنا، ونبني مستقبل أفضل للجميع.",1
"اللقاح فرصة للتحسن، لنستخدمها بفهم ووعي للحفاظ على صحتنا.",1
"لنلتزم باللقاح ونسهم في وقف انتشار الوباء وحماية المجتمع.",1
"اللهم اجعل اللقاح سبباً في انتهاء هذه الأزمة وعودة الحياة الطبيعية.",1
"لنحتفل بكل لقاح يحمينا، ولنكن جزءًا من حماية المجتمع.",1
"اللقاح هو نعمة، لنتلقاها بامتنان ونبني جدران الأمان حولنا.",1
"لنسهم في الحماية بتلقي اللقاح ونشارك في تحقيق الصحة الجماعية.",1
"لنستمر في الالتزام باللقاحات للحفاظ على السلامة والاستقرار.",1
"اللقاحات ما عندهاش تأثير إيجابي، والأمور مستمرة في التدهور.",0
"الأوضاع مستمرة في السوء، واللقاحات ما كاينش لها أي تأثير إيجابي.",0
"اللقاح ما كايديرش فرق، والصعوبات مستمرة في الارتفاع مع انتشار المرض.",0
"الحياة معقدة، واللقاح ما كايغيرش من هالوضع الصعب.",0
"اللقاح مجرد وعد وكورونا مستمر في الانتشار بشكل متسارع.",0
"التفاؤل ما عندهوش مكان في عالم كورونا وسط الأوضاع الصعبة.",0
"اللقاح ما كايحميش والوباء مستمر في تكبد المزيد من الخسائر.",0
"الحياة صارت مأساوية، اللقاح ما كايديرش أي فرق في هذا الوضع.",0
"اللقاح ما كايحقق نتائج، وكورونا مستمر في الانتشار بشكل غير مسبوق.",0
"لنتوحد ضد كورونا باللقاح، ونبني جدران الحماية لنعود إلى حياة آمنة.",1
"اللهم احفظنا وأحبائنا بلقاحك واحمل عنا آثار الوباء.",1
"لنستمر في رحلة التلقيح لنحمي أنفسنا ومن نحب من تأثيرات الفيروس.",1
"اللقاح فرصة لنسعد بعودة الحياة الطبيعية ونشارك في تحقيق ذلك.",1
"لنستفيد من اللقاحات ونشكر العلماء والفرق الطبية على جهودهم الرائعة.",1
"اللهم اشفي المصابين وحفظنا بلقاحك من كل سوء.",1
"لنحتفل باللقاحات كعلامة على الأمل والتقدم في مواجهة الوباء.",1
"اللقاح هو حماية لنا وللآخرين، فلنتحد في مواجهة هذا التحدي.",1
"لنبني جسراً من الأمان بتلقي اللقاح ونحمي أنفسنا والمجتمع.",1
"لنستمر في التحلي بالصبر والقوة في مواجهة الوباء باللقاح.",1
"اللقاحات ما عندهاش تأثير إيجابي، والأمور مستمرة في التدهور.",0
"الأوضاع مستمرة في السوء، واللقاحات ما كاينش لها أي تأثير إيجابي.",0
"اللقاح ما كايديرش فرق، والصعوبات مستمرة في الارتفاع مع انتشار المرض.",0
"الحياة معقدة، واللقاح ما كايغيرش من هالوضع الصعب.",0
"اللقاح مجرد وعد وكورونا مستمر في الانتشار بشكل متسارع.",0
"التفاؤل ما عندهوش مكان في عالم كورونا وسط الأوضاع الصعبة.",0
"اللقاح ما كايحميش والوباء مستمر في تكبد المزيد من الخسائر.",0
"الحياة صارت مأساوية، اللقاح ما كايديرش أي فرق في هذا الوضع.",0
"اللقاح ما كايحقق نتائج، وكورونا مستمر في الانتشار بشكل غير مسبوق.",0
"لنحمي حياتنا باللقاح ونساهم في تحقيق المناعة الجماعية ضد كورونا.",1
"اللقاح هو مفتاح الأمان والعودة إلى الحياة الطبيعية، فلنتلقاه بفرح.",1
"لنقف معًا ضد الفيروس ونحقق النجاح بتلقي اللقاح والالتزام.",1
"اللهم احفظنا بلقاحك من الأمراض وارفع عنا وباء كورونا.",1
"لنستمر في رحلة اللقاحات لنحافظ على صحتنا وسلامة محيطنا.",1
"اللهم اشفي المصابين بلقاحك وارفع عنا البلاء والشدائد.",1
"لنستمر في تحقيق التغيير بتلقي اللقاح ودعم بعضنا البعض.",1
"اللقاح هو درعنا الواقي، فلنتحد ونقف معًا ضد تفشي الفيروس.",1
"لنحتفل بكل لقاح يُلقى ونؤكد على أهميته في حماية الصحة.",1
"لنستفيد من اللقاح كفرصة للعودة إلى حياة آمنة وطبيعية.",1
"اللقاحات ما عندهاش تأثير إيجابي، والأمور مستمرة في التدهور.",0
"الأوضاع مستمرة في السوء، واللقاحات ما كاينش لها أي تأثير إيجابي.",0
"اللقاح ما كايديرش فرق، والصعوبات مستمرة في الارتفاع مع انتشار المرض.",0
"الحياة معقدة، واللقاح ما كايغيرش من هالوضع الصعب.",0
"اللقاح مجرد وعد وكورونا مستمر في الانتشار بشكل متسارع.",0
"التفاؤل ما عندهوش مكان في عالم كورونا وسط الأوضاع الصعبة.",0
"اللقاح ما كايحميش والوباء مستمر في تكبد المزيد من الخسائر.",0
"الحياة صارت مأساوية، اللقاح ما كايديرش أي فرق في هذا الوضع.",0
"اللقاح ما كايحقق نتائج، وكورونا مستمر في الانتشار بشكل غير مسبوق.",0
"لنقف صامدين معًا أمام كورونا باللقاح ونعيش بأمان واطمئنان.",1
"اللهم احفظنا بلقاحك وأبعد عنا كل مكروه ومرض.",1
"لنتجاوز هذه التحديات بتلقي اللقاح ونحافظ على صحتنا وسلامتنا.",1
"اللقاح فرصة للنجاة والعودة إلى الحياة الطبيعية، فلنستفيد منها.",1
"لنتضامن ونتحد في مواجهة الوباء باللقاح والتدابير الوقائية.",1
"اللهم اشفي المرضى وارحم المتوفين بلقاح رحيم وفعّال.",1
"لنفتح صفحة جديدة باللقاح ونبني مستقبل صحي وآمن.",1
"اللقاح هو مفتاح الأمل، لنحتفل بكل لحظة من تقدمنا في هذه الرحلة.",1
"لنقف بصلابة ضد الوباء ونتلقى اللقاح بشجاعة وثقة.",1
"لنتعاون وننشر الوعي حول أهمية اللقاحات في حماية المجتمع.",1
"اللقاحات ما عندهاش تأثير إيجابي، والأمور مستمرة في التدهور.",0
"الأوضاع مستمرة في السوء، واللقاحات ما كاينش لها أي تأثير إيجابي.",0
"اللقاح ما كايديرش فرق، والصعوبات مستمرة في الارتفاع مع انتشار المرض.",0
"الحياة معقدة، واللقاح ما كايغيرش من هالوضع الصعب.",0
"اللقاح مجرد وعد وكورونا مستمر في الانتشار بشكل متسارع.",0
"التفاؤل ما عندهوش مكان في عالم كورونا وسط الأوضاع الصعبة.",0
"اللقاح ما كايحميش والوباء مستمر في تكبد المزيد من الخسائر.",0
"الحياة صارت مأساوية، اللقاح ما كايديرش أي فرق في هذا الوضع.",0
"اللقاح ما كايحقق نتائج، وكورونا مستمر في الانتشار بشكل غير مسبوق.",0
"اللقاحات هي السبيل للتغلب على هذا الوباء، يجب على الجميع التلقيح لحماية أنفسهم والمجتمع.",1
"أشعر بالقلق تجاه آثار اللقاح على الصحة العامة، يجب دراسة المزيد قبل التلقيح الشامل.",0
"الحكومة يجب أن تركز على توفير المزيد من مراكز التلقيح وتسهيل عملية الحصول على اللقاحات.",1
"أرفض اللقاحات بسبب تأثيرها المحتمل على الصحة، يجب البحث عن بدائل آمنة.",0
"التلقيح هو حق شخصي ولا يجب أن يفرض على الأفراد، يجب احترام حرية الاختيار.",0
"المغرب يجب أن يستغل الفرصة للحصول على المزيد من اللقاحات من الدول الصديقة.",1
"الحكومة يجب أن تكون شفافة أكثر في توضيح فعالية اللقاحات والآثار الجانبية المحتملة.",1
"اللقاحات لا تضمن حماية مطلقة، يجب على الجميع الاستمرار في اتخاذ التدابير الوقائية.",1
"أشك في مصداقية اللقاحات، يجب إجراء المزيد من الأبحاث المستقلة حول سلامتها.",0
"أرى أن اللقاحات هي الحلاقة الوحيدة للتغلب على هذا الوباء، يجب دعم الحملات التلقيحية.",1
"التلقيح يعد حلا فعّالا للحفاظ على الصحة العامة، يجب التشجيع على التلقيح الشامل.",1
"أشك في سلامة اللقاحات وتأثيرها على الجسم، يجب على الحكومة توفير مزيد من المعلومات.",0
"أرى أن التلقيح ضروري لحماية الفئات الضعيفة والمعرضة للخطر أكثر.",1
"اللقاحات قد تساعد في الحد من انتشار الفيروس، يجب على الجميع المساهمة في جهود التلقيح.",1
"الحكومة يجب أن تعمل على توعية الجمهور بأهمية التلقيح وفعاليته.",1
"أعتبر أن التلقيح هو الحلاقة الوحيدة للعودة إلى الحياة الطبيعية، يجب دعمه.",1
"أنا من عشاق اللقاحات وأؤيد جهود الحكومة في توفيرها للجميع.",1
"التلقيح يعتبر واجبًا اجتماعيًا لحماية المجتمع بأكمله.",1
"اللقاحات تقلل من شدة الأعراض في حال الإصابة، يجب على الجميع التلقيح.",1
"أرفض التلقيح بسبب عدم وجود دراسات كافية حول تأثيرها الطويل على الصحة.",0
"الحكومة يجب أن تقوم بحملات توعية أوسع لتحسين نسب التلقيح في المجتمع.",1
"اللقاحات تسهم في تحقيق المناعة الجماعية وحماية الأفراد والمجتمع.",1
"أعتقد أن هناك مخاوف مبررة حول سلامة بعض اللقاحات، يجب على السلطات التحقيق.",0
"التلقيح يجب أن يكون اختيارًا فرديًا دون فرض إجباري.",0
"اللقاحات هي السبيل للتخلص من هذا الوباء، يجب على الجميع المساهمة في التلقيح.",1
"أفضل أن يكون التلقيح اختياريًا وليس إجباريًا، حتى يحترم حقوق الأفراد.",0
"الحكومة يجب أن تعمل على تسهيل عملية الحصول على اللقاحات وتحقيق التكافل الاجتماعي.",1
"اللقاحات لا تضمن الحماية المئة بالمئة، لكنها تقلل من خطر الإصابة بشكل كبير.",1
"أرفض التلقيح بسبب عدم وجود ضمانات حول سلامته وفعاليته.",0
"أتمنى أن يتسارع وتيرة التلقيح للوصول إلى المناعة الجماعية في أقرب وقت ممكن.",1
"اللقاحات قد تساعد في حماية الفئات الأكثر عرضة للمضاعفات من الإصابة بكوفيد-19.",1
"الحكومة يجب أن تتخذ إجراءات لتحقيق المزيد من التوعية حول فوائد التلقيح.",1
"أشعر بالقلق من تأثير اللقاحات الجانبي، يجب إجراء المزيد من الأبحاث حول سلامتها.",0
"التلقيح يعد حلا فعّالا لإعادة فتح الاقتصاد والحياة اليومية بشكل طبيعي.",1
"أرى أن الحكومة تحتاج إلى تحسين إدارة عمليات التلقيح لتحقيق أقصى فائدة.",1
"اللقاحات هي الوسيلة الوحيدة للحماية من تداول الفيروس وتفشيه.",1
"أنا متخوف من تأثيرات اللقاحات على الحمل، يجب إجراء دراسات مكثفة في هذا المجال.",0
"التلقيح يجب أن يكون متاحًا للجميع دون تمييز وبشكل عادل.",1
"أرى أن هناك حاجة إلى مزيد من الشفافية حول المكونات والآثار الجانبية للقاحات.",1
"اللقاحات تعتبر أداة أساسية في مواجهة هذا الوباء وحماية الأفراد والمجتمع.",1
"أعتقد أن اللقاحات تلعب دوراً هاما في تقليل خطر الإصابة بكوفيد-19.",1
"التلقيح يسهم في حماية الأفراد الذين يعانون من أمراض مزمنة وأعراض خطيرة.",1
"أشعر بالقلق من عدم توفر اللقاحات بشكل كاف، يجب على الحكومة زيادة الإمدادات.",0
"اللقاحات تساهم في الحفاظ على الاستقرار الاقتصادي والاجتماعي في البلاد.",1
"أرفض التلقيح بسبب الضغط الاجتماعي، يجب على الأفراد حق الاختيار دون انتقاص.",0
"التلقيح يساعد في تقليل نسب الوفيات والإصابات الخطيرة بسبب فيروس كورونا.",1
"اللقاحات تعتبر ضرورية لحماية الفئات العمرية الأكبر والأكثر عرضة للمخاطر.",1
"أرى أن اللقاحات قد تحمل آثارا جانبية خطيرة، يجب التحقق من سلامتها بشكل أفضل.",0
"الحكومة يجب أن تعمل على تحسين التواصل حول فعالية وسلامة اللقاحات.",1
"أتمنى أن تكون هناك مبادرات لتشجيع الشباب على التلقيح وتجاوز المخاوف.",1
"اللقاحات تساهم في تقليل العبء على القطاع الصحي وتحسين استعداده للتعامل مع الحالات.",1
"أعتقد أن اللقاحات هي السبيل للعودة إلى الحياة الطبيعية بشكل كامل.",1
"الحكومة يجب أن تقوم بتسهيل عمليات التلقيح لتشمل أكبر عدد ممكن من السكان.",1
"التلقيح يعتبر خيارا حكيما للحفاظ على سلامتنا وسلامة المجتمع.",1
"أرى أن اللقاحات قد تسهم في تحسين الظروف الاقتصادية والاجتماعية في البلاد.",1
"اللقاحات لا تضمن الحماية الكاملة، لكنها تقلل من خطر الإصابة بشكل كبير.",1
"أعتقد أن التلقيح يجب أن يكون متاحا للجميع دون تمييز وبشكل مجاني.",1
"أشعر بالقلق من توفر اللقاحات بشكل محدود، يجب على الحكومة زيادة الإمدادات.",0
"اللقاحات تعتبر حلاً ضروريًا للتخلص من هذا الوباء وحماية الفئات الأكثر عرضة للمخاطر.",1
"أرفض التلقيح بسبب عدم وجود ضمانات حول فعاليته وسلامته على المدى الطويل.",0
"التلقيح يجب أن يكون مرتبطًا بخطط واضحة لتحقيق المناعة الجماعية في أسرع وقت ممكن.",1
"اللقاحات تساهم في حماية الأفراد والحد من انتشار الفيروس، يجب دعمها بقوة.",1
"التلقيح لا يضمن الحماية المطلقة، وهناك حالات إصابة بالفيروس بين الملقحين.",0
"سمعت عن حالات مضاعفات بعد تلقي اللقاح، لا أثق في سلامته تمامًا.",0
"اللقاحات تسبب آثار جانبية خطيرة في بعض الحالات، لا يمكنني المخاطرة.",0
"لماذا ألزمونا بتلقي اللقاح؟ هل هناك ضغط من الحكومة؟",0
"اللقاحات قد تكون مجرد تجارب طبية، وأنا لا أرغب في أن أكون فأر تجارب.",0
"تلقي اللقاح يشكل تدخلاً في حقوقي الشخصية، لا يجب فرضه علينا.",0
"لا أثق في مصادر المعلومات حول فعالية اللقاحات وسلامتها.",0
"اللقاحات تحتوي على مواد كيميائية قد تكون ضارة للصحة على المدى الطويل.",0
"سمعت عن حالات وفاة بعد تلقي اللقاح، لا أفهم لماذا نتجاهل ذلك.",0
"التلقيح قد يسبب تحورات في الجينات، وهذا أمر يثير قلقي.",0
"الحكومة تريد التحكم فينا عبر فرض التلقيح، هل لا يوجد احترام لحقوقنا؟",0
"تلقي اللقاح ليس بالضرورة أن يحميني، فلماذا يجب علي تناوله؟",0
"لا يمكنني التأكد من أن اللقاحات قد اجتازت اختبارات السلامة بشكل كافٍ.",0
"تحفظت على تلقي اللقاح لأنه يعتبر تدخلًا طبيًا قد يكون غير ضروري.",0
"سمعت عن حالات إصابة بالتهاب القلب بعد تلقي اللقاح، لا أستطيع تجاهل ذلك.",0
"اللقاحات قد تسبب تأثيرات جانبية طويلة الأمد، هل تستحق المخاطرة؟",0
"لم أصب بالفيروس حتى الآن، لماذا يجب عليّ أن أتلقى اللقاح؟",0
"اللقاح قد يؤثر على الخصوبة، لا أريد المجازفة بصحتي الإنجابية.",0
"التلقيح قد يكون مجرد حيلة لتحقيق أغراض سياسية، أنا منتبه لذلك.",0
"سمعت عن حالات تسمم بعد تلقي اللقاح، هل يجب عليّ أن أعيش بهذا الخطر؟",0
"اللقاحات قد تؤدي إلى تحفيز فعليات التصاب بالفيروس بدلًا من الحماية منه.",0
"لا أشعر بأي خطر من الإصابة بالفيروس، لماذا يجب أن أتلقى اللقاح؟",0
"اللقاحات تُعطى أولوية للشركات الكبيرة وليس للصحة العامة، هل نحن تجارب؟",0
"تلقي اللقاح لا يعني بالضرورة عدم إمكانية نقل الفيروس، فلماذا التلقيح؟",0
"أخشى أن يكون اللقاح قد تم إنتاجه بسرعة دون مراعاة كافية للسلامة.",0
"لا أرى أي فائدة في تلقي اللقاح إذا كانت الفيروسات قد تحورت بالفعل.",0
"التلقيح يتسبب في انتهاك الحقوق الشخصية، يجب أن يكون اختياريًا.",0
"سمعت عن إصابات عصبية ناتجة عن تلقي اللقاح، لا أريد أن أكون ضحية.",0
"اللقاحات تحتوي على مكونات قد تسبب لي رد فعل تحسسي، لا أرغب في ذلك.",0
"التلقيح يمكن أن يؤدي إلى ظهور سلالات جديدة من الفيروس، هل نحن على صواب؟",0
"أنا ضد فرض التلقيح، يجب أن يكون الأمر اختيارًا شخصيًا.",0
"اللقاحات ليست آمنة ولن أخاطر بصحتي بها.",0
"لا أثق في فعالية اللقاحات، ولا أريد أن أكون جزءًا من التجارب.",0
"التلقيح قد يسبب آثارًا جانبية خطيرة، لذا أنا رفضه.",0
"لا أرغب في أن أكون فأر تجارب للشركات الصيدلانية.",0
"الحكومة لا يجب أن تفرض علينا التلقيح، هذا انتهاك لحقوقنا.",0
"اللقاحات قد تحتوي على مواد ضارة غير معلن عنها، لا أثق فيها.",0
"تلقي اللقاح ليس ضروريًا، الجسم لدي يمتلك نظامًا مناعيًا قويًا.",0
"التلقيح قد يؤدي إلى تطور مضاعفات لا يمكن التنبؤ بها.",0
"أشك في نوايا الحكومة في فرض التلقيح، هل هو للصحة حقًا؟",0
"اللقاحات قد تسبب في تغييرات طويلة المدى في الجسم، لا أريد ذلك.",0
"التلقيح ليس حلاً نهائيًا، وقد يكون له تأثيرات غير معروفة.",0
"أنا متخوف من التلقيح، فالآثار الجانبية قد تظهر لاحقًا.",0
"لا أريد أن أكون جزءًا من التجارب السريرية للشركات الدوائية.",0
"اللقاحات لم تختبر بشكل كاف على المدى الطويل، يجب الحذر.",0
"لا أريد أن يتم التجارب على جسمي باستخدام اللقاحات.",0
"الحكومة لا تحق لها فرض اللقاح علينا، هذا يتنافى مع حقوق الإنسان.",0
"اللقاحات تمثل خطرًا أكبر من الفيروس نفسه، لن أتلقاها.",0
"اللقاحات لا تضمن حماية 100٪، لذا لماذا أتعرض للمخاطر؟",0
"التلقيح يشكل تدخلا غير ضروري في حياتنا الشخصية.",0
"اللقاحات قد تؤثر على الخصوبة، لا أريد المجازفة بها.",0
"لا أثق في المكونات المستخدمة في اللقاحات، يجب التحقق منها أولاً.",0
"أنا متخوف من أن اللقاح يمكن أن يتسبب في مشاكل صحية لاحقة.",0
"الحكومة لا يجب أن تتدخل في قراراتنا الصحية الشخصية.",0
"لن أتلقى اللقاح حتى أرى نتائج فعاليته بشكل واضح.",0
"اللقاحات تمثل تجارب طبية على نطاق واسع، وأنا غير مستعد لذلك.",0
"التلقيح لا يعني نهاية الجائحة، قد يكون هناك متغيرات جديدة.",0
"اللقاحات تمتلك آثارًا جانبية خطيرة، لا يمكنني تجاهل ذلك.",0
"اللقاحات لا تمنحنا حرية حقيقية، بل تقيد حقوقنا الشخصية.",0
"التلقيح ليس ضروريًا إذا كنت أتبع إجراءات الوقاية بشكل صحيح.",0
"أنا لا أثق في الشركات الدوائية ولا أريد أن أكون جزءًا من تجاربها.",0
"التلقيح يمكن أن يؤدي إلى زيادة في حالات الإصابة بدلاً من الانخفاض.",0
"أعتقد أن التلقيح هو السبيل الوحيد للتغلب على الجائحة بشكل نهائي.",1
"اللقاحات ساهمت في تقليل حدة الأعراض للعديد من الأشخاص المصابين.",1
"أجد أن فعالية اللقاحات مهمة لحماية الفئات الضعيفة والمعرضة للمخاطر.",1
"التلقيح يسهم في حماية المجتمع بأسره من انتشار الفيروس.",1
"شعور رائع بالاطمئنان بعد تلقي اللقاح، أعتقد أنه قرار صائب.",1
"اللقاح يعزز المناعة الجماعية ويحمي الأفراد والمجتمع.",1
"أؤمن بأهمية اللقاحات في القضاء على الفيروس وتحسين الوضع الصحي.",1
"تلقيت اللقاح وأنا واثق في أنه سيحميني ويحمي الآخرين.",1
"اللقاحات تمثل خطوة حاسمة نحو العودة إلى حياة طبيعية.",1
"أشعر بالاطمئنان بعد تلقي اللقاح، وأنا ملتزم باتباع الإجراءات الوقائية.",1
"اللقاحات هي أداة قوية للتحكم في انتشار الفيروس وتقليل الحالات الحرجة.",1
"التلقيح يحمي الأفراد الذين يعانون من أمراض مزمنة والفئات العمرية الأكبر.",1
"أرى أن التلقيح يساهم في الحفاظ على النظام الصحي وتقليل الضغط عليه.",1
"اللقاح يعتبر حلاً فعّالًا للعودة إلى الحياة اليومية بدون قلق.",1
"تجربتي مع اللقاح كانت إيجابية ولم أشعر بأي آثار جانبية كبيرة.",1
"أثق في البحث العلمي والتجارب التي تثبت فعالية وسلامة اللقاحات.",1
"تلقيت اللقاح وأنا على يقين أنه سيساهم في حمايتي وحماية المجتمع.",1
"اللقاحات تعتبر سبيلًا فعّالًا للحد من حدة الأمراض وتفادي المضاعفات.",1
"التلقيح يشكل جزءًا أساسيًا من الاستراتيجية للتغلب على الجائحة.",1
"أشعر بالأمان والاطمئنان بعد تلقي اللقاح.",1
"اللقاحات تقلل من فرص الإصابة بالأشكال الشديدة من الفيروس.",1
"أرى أن التلقيح هو واجب وطني للمساهمة في وقف انتشار الفيروس.",1
"تحفظت في البداية ولكن بعد البحث، قررت تلقي اللقاح وأنا مقتنع.",1
"اللقاحات تعتبر خطوة مهمة لتحقيق المناعة الجماعية في المجتمع.",1
"أؤيد فكرة فرض التلقيح للحفاظ على الصحة العامة.",1
"اللقاحات تسهم في تخفيف العبء على النظام الصحي وتحقيق الاستقرار.",1
"أثناء فترة التلقيح، شهدنا انخفاضًا في حالات الإصابة والوفيات.",1
"تلقيت اللقاح وأشعر بالاطمئنان لأنني قد اتخذت خطوة لحماية نفسي والآخرين.",1
"اللقاحات تساعد في السيطرة على الفيروس والحد من انتقاله.",1
"التلقيح يعزز فرص العودة إلى الحياة الاجتماعية والاقتصادية الطبيعية.",1
"أرى أن اللقاحات تلعب دورًا حاسمًا في تفادي موجات جديدة من الفيروس.",1
"أتمنى على الجميع تلقي اللقاح للمساهمة في حماية المجتمع.",1
"اللقاح يعتبر أداة حيوية لتحقيق المناعة الجماعية وإنهاء الجائحة.",1
"أنا ممتن للعلماء والباحثين الذين عملوا على تطوير اللقاحات بسرعة.",1
"التلقيح يمثل فرصة للتغلب على الظروف الصعبة والعودة إلى الحياة الطبيعية.",1
"اللقاحات تحد من انتقال الفيروس بشكل كبير، مما يقلل من الإصابات.",1
"أفهم أن اللقاحات ليست مثالية، ولكنها تقدم حلاً فعّالًا للوقاية.",1
"تلقيت اللقاح وأشجع الآخرين على القيام بالخطوة نفسها للحماية.",1
"اللقاحات تعزز فرص السيطرة على الوباء وتقليل تأثيره الضار.",1
"أعتبر أن تلقي اللقاح هو واجب أخلاقي للمساهمة في حماية الجميع.",1
"اللقاحات تلعب دورًا كبيرًا في تقليل نسبة الإصابة والحد من الأعراض.",1
"تلقيت اللقاح وأنا على يقين أنه يساهم في تحسين الوضع العام.",1
"أرى أن تلقي اللقاح هو تعبير عن المسؤولية الاجتماعية.",1
"اللقاح يحميني ويحمي أحبائي من خطر الإصابة بالفيروس.",1
"أثق في العلم والأبحاث التي أثبتت فعالية وسلامة اللقاحات.",1
"اللقاح يعتبر حلاً عمليًا للحفاظ على الأمان العام والصحة.",1
"تلقيت اللقاح وأشعر بالفخر بالمشاركة في جهود السيطرة على الوباء.",1
"اللقاحات تعتبر أحد أهم الأدوات للتغلب على التحديات الصحية الراهنة.",1
"أنا ملتزم باتباع الإجراءات الوقائية بعد تلقي اللقاح لحماية الجميع.",1
"التلقيح يساهم في إنقاذ الأرواح وتقليل الحالات الخطيرة.",1
"أثق في قدرة اللقاحات على منع انتقال الفيروس بشكل فعال.",1
"تلقيت اللقاح وأؤمن بأنه يعزز الفرص للعيش بحرية وأمان.",1
"أفهم أن هناك قلقًا بشأن اللقاحات، ولكن أرى فوائدها الكبيرة.",1
"اللقاحات تساهم في تقليل الأعباء الصحية والاقتصادية على المجتمع.",1
"رفضت تلقي اللقاح بسبب المخاوف من آثار جانبية محتملة.",0
"أشك في فعالية اللقاحات وأخشى من التأثير الطويل الأمد لها.",0
"أعتبر أن اللقاحات تمثل تجربة غير مؤكدة ومحفوفة بالمخاطر.",0
"لا أروج للتلقيح لأنني لست متأكدًا من سلامته بنسبة كافية.",0
"أشعر بالقلق حيال التلقيح ولست مقتنعًا بفعاليته الكاملة.",0
"رغم الضغوط، لا أرغب في تلقي اللقاح لأنني لا أثق فيه.",0
"اللقاحات تشكل خطرًا غير ضروري على الصحة العامة.",0
"أخشى من اللقاحات وأفضل الاعتماد على المناعة الطبيعية.",0
"أرى أن اللقاحات تعرض الفرد لمخاطر غير مضمونة.",0
"أعتبر أن فرض اللقاح يشكل تدخلًا غير مقبول في الحرية الفردية.",0
"لست مقتنعًا بأن اللقاحات توفر حماية كافية ضد الإصابة.",0
"أخشى من التأثير الجانبي لللقاحات أكثر من خطر الإصابة بالفيروس.",0
"اللقاحات لا تقدم ضمانًا كافيًا بالنسبة لي لتبرير تلقيها.",0
"أعتبر أن تلقي اللقاح يعرض لمخاطر غير معروفة على المدى الطويل.",0
"ليس لدي ثقة في سلامة اللقاحات ولن أخاطر بتلقيها.",0
"أعارض فكرة اللجوء إلى التلقيح كحلاً لمواجهة الجائحة.",0
"اللقاحات قد تؤدي إلى تطور مضاعفات طويلة الأمد غير معروفة.",0
"لا أعتقد أن اللقاحات توفر حماية كافية لتبرير تلقيها.",0
"أخشى أن اللقاحات تكون متسببة في ظهور آثار جانبية مفاجئة.",0
"أشك في فعالية اللقاحات ولا أرى ضرورة ملحة لتلقيها.",0
"أعتبر أن تلقي اللقاح يعرض للمزيد من المخاطر مقارنة بالفوائد.",0
"رفضت تلقي اللقاح لأنني لست مقتنعًا بأهميته وفعاليته.",0
"أرى أن اللقاحات قد تسبب تداولًا غير آمن للمواد الوراثية.",0
"أخشى أن يكون اللقاح سببًا في تفاقم المشاكل الصحية.",0
"رفضت اللقاح لأنني لست متأكدًا من سلامته وفعاليته.",0
"أعتقد أن هناك خيارات أخرى أكثر أمانًا من اللجوء إلى التلقيح.",0
"أنا من عشاق الطب الطبيعي وأرفض اللجوء إلى اللقاحات الصناعية.",0
"رغم الضغوط الاجتماعية، أرفض فكرة تلقي اللقاح لأسباب صحية.",0
"أشك في فعالية اللقاحات ولا أرى أنها توفر حماية كافية.",0
"أخشى من الآثار الجانبية الطويلة الأمد للتلقيح.",0
"أرى أن اللقاحات قد تؤدي إلى تغييرات غير مرغوبة في الجسم.",0
"رفضت تلقي اللقاح لأنني لست متأكدًا من نجاحه في منع الإصابة.",0
"أعتبر أن اللقاحات قد تكون سببًا في ظهور أمراض جديدة.",0
"رفضت اللقاح لأنني لا أرغب في التجربة على جسدي.",0
"أشعر بالقلق من تلقي اللقاح بسبب الآثار الجانبية المحتملة.",0
"أرفض تلقي اللقاح لأنني لا أعتقد أن هناك خطر كبير من الإصابة.",0
"لا أروج لتلقي اللقاح لأنني لست مقتنعًا بأنه يحمي بشكل كافي.",0
"أرفض تلقي اللقاح لأنني أفضل الاعتماد على جهاز المناعة الطبيعي.",0
"أشك في فعالية اللقاحات وأعتبرها مجرد تجارب غير مؤكدة.",0
"أخشى من التأثير السلبي لللقاحات على صحتي العامة.",0
"رفضت اللقاح لأنني أعتقد أنه لا يحقق فعالية كافية.",0
"أرى أن اللقاحات تحمل مخاطر كبيرة دون فائدة مضمونة.",0
"أعتبر أن التلقيح ليس ضروريًا ويمكن تجنبه باتباع إجراءات الوقاية.",0
"رفضت تلقي اللقاح لأنني أشعر بالقلق من آثاره الجانبية.",0
"أعتبر أن اللقاحات لا توفر حماية دائمة وقوية ضد الإصابة.",0
"أشك في أن اللقاحات تحمي بشكل كافي من السلالات الجديدة للفيروس.",0
"رفضت اللقاح لأنني لا أرى فائدة كبيرة في تلقيه.",0
"أعارض فكرة تلقي اللقاح لأنها تتسبب في مشاكل صحية.",0
"رغم الضغوط، أفضل عدم تلقي اللقاح لأنني لا أثق فيه.",0
"أشك في فعالية اللقاحات وأعتبرها مبالغة فيها.",0
"رفضت اللقاح لأنني لا أعتبر نفسي في مجموعة الخطر.",0
"أرفض تلقي اللقاح لأنني أفضل تجنب المواد الكيميائية.",0
"أشك في أن اللقاحات تحمي بشكل فعال من الإصابة بالفيروس.",0
"رغم التوصيات، لا أرغب في تلقي اللقاح لأسباب شخصية.",0
"أعتبر أن التلقيح لا يوفر حماية دائمة ولا آمنة.",0
"رفضت اللقاح لأنني لا أرى ضرورة ماسة لتلقيه.",0
"أشك في أن اللقاحات تكون فعالة ضد السلالات المتحورة.",0
"رفضت تلقي اللقاح لأنني أشعر بالقلق من تداول المعلومات حوله.",0
"أرى أن اللقاحات تتسبب في تداول السموم في الجسم.",0
"رغم الضغوط، أفضل الانتظار وعدم تلقي اللقاح في الوقت الحالي.",0
"أشعر بالقلق حيال تلقي اللقاح لأنه قد يؤثر على جهاز المناعة.",0
"أعتبر أن التلقيح قد يكون مضرًا أكثر من فائدته.",0
"رفضت اللقاح لأنني أفضل الاعتماد على وسائل الوقاية الطبيعية.",0
"أشعر بالتخوف من تلقي اللقاح بسبب الآثار الجانبية المحتملة.",0
"أعتبر أن التلقيح يجب أن يكون اختيارًا شخصيًا وليس إجباريًا.",0
"رفضت تلقي اللقاح لأنني أخشى من تأثيره على صحتي.",0
"أشك في أن اللقاحات تكون آمنة بشكل كافي لتلقيها.",0
"رغم التوصيات، لا أروج لفكرة تلقي اللقاح لأنني لا أرى فائدة كبيرة.",0
"أعتبر أن اللقاحات قد تتسبب في مشاكل صحية طويلة الأمد.",0
"رفضت اللقاح لأنني أعتبر أن هناك بدائل أكثر أمانًا.",0
"أشك في أن اللقاحات تحمي بشكل فعال من الإصابة بالفيروس.",0
"أرفض تلقي اللقاح لأنني أخشى من التأثير السلبي للمواد الكيميائية.",0
"رغم الضغوط، أفضل الابتعاد عن تلقي اللقاح والاعتماد على الوقاية الذاتية.",0
"أنا سعيد بتلقي اللقاح لحماية نفسي والآخرين من الإصابة بالفيروس.",1
"أثق في فعالية اللقاحات وأعتبرها وسيلة فعالة للوقاية.",1
"رغم بعض الآثار الجانبية، أنصح بتلقي اللقاح للحفاظ على الصحة العامة.",1
"تلقيت اللقاح وأشعر بالطمأنينة لأنني أصبحت محميًا ضد الفيروس.",1
"أرى أن اللقاحات تلعب دورًا حاسمًا في التغلب على الجائحة واستعادة الحياة الطبيعية.",1
"تلقيت اللقاح لأنني أدرك أهمية حماية المجتمع والأفراد.",1
"أشجع الجميع على تلقي اللقاح لتحقيق المناعة الجماعية.",1
"سعيد بتلقي اللقاح لأنني أؤمن بأنه يحميني ويحمي الآخرين.",1
"تلقيت اللقاح وأشعر بالاطمئنان والاستعداد للعودة إلى الحياة الطبيعية.",1
"أرى أن اللقاحات هي الحلاقة الفعّالة للتغلب على تداول الفيروس.",1
"أثق في أن اللقاحات تلعب دورًا هامًا في الحد من انتشار الفيروس.",1
"سعيد بتلقي اللقاح لأنني أريد المساهمة في الحفاظ على الصحة العامة.",1
"أشجع الجميع على تلقي اللقاح لتعزيز جهاز المناعة والوقاية من الإصابة.",1
"تلقيت اللقاح بفخر لأنني أؤمن بأهمية الوقاية والتضامن.",1
"سعيد بتلقي اللقاح لأنه يمثل خطوة إيجابية نحو نهاية الجائحة.",1
"أشجع الأصدقاء والعائلة على تلقي اللقاح لحماية أنفسهم والآخرين.",1
"تلقيت اللقاح لأنني أرغب في العيش بحرية دون القلق من الإصابة.",1
"أرى أن اللقاحات هي أفضل وسيلة لتجنب الإصابة بالفيروس وتفادي الأعراض الخطيرة.",1
"تلقيت اللقاح لأنني أدرك أهمية المساهمة في تحقيق المناعة الجماعية.",1
"أثق في فعالية اللقاحات وأشجع الجميع على تلقيها للحفاظ على الصحة.",1
"تلقيت اللقاح بفخر لأنني أريد العودة إلى الحياة الطبيعية دون قلق.",1
"أشعر بالاطمئنان بعد تلقي اللقاح وأؤمن بأنه يحميني من الإصابة.",1
"تلقيت اللقاح وأشجع الجميع على فعل ذلك للحفاظ على سلامتهم.",1
"أرى أن تلقي اللقاح هو التصرف الصحيح للوقاية من الإصابة بالفيروس.",1
"تلقيت اللقاح وأنا واثق من أنه يعزز المناعة ويحميني من الأمراض.",1
"أشعر بالفخر بتلقي اللقاح لأنني أقوم بواجبي في حماية نفسي والمجتمع.",1
"تلقيت اللقاح وأنا متحمس للمساهمة في التغلب على الجائحة.",1
"أؤيد تلقي اللقاح لأنه يساهم في تقليل حدة الأعراض والإصابات.",1
"تلقيت اللقاح وأشجع الجميع على القيام بذلك للحفاظ على الصحة.",1
"أرى أن اللقاحات هي الحلاقة الأمثل للتغلب على التحديات الصحية.",1
"تلقيت اللقاح وأؤمن بأنه يعزز جهاز المناعة ويحميني من الإصابة.",1
"تلقيت اللقاح وأنا مقتنع بأنه يساهم في وقاية الفرد والمجتمع.",1
"أشجع الجميع على تلقي اللقاح للحد من انتشار الفيروس وحماية الضعفاء.",1
"سعيد بتلقي اللقاح لأنه يضمن لي عودة آمنة إلى الحياة اليومية.",1
"أرى أن اللقاحات هي السبيل للتغلب على الجائحة والعودة إلى الحياة الطبيعية.",1
"تلقيت اللقاح وأشجع الجميع على القيام بذلك للمساهمة في تحقيق المناعة الجماعية.",1
"أثق في فعالية اللقاحات وأرى أنها الوسيلة الأمثل للتصدي للفيروس.",1
"تلقيت اللقاح وأشعر بالاطمئنان لأنني أحمي نفسي والمجتمع.",1
"أرى أن تلقي اللقاح هو واجب وطني للحفاظ على الصحة العامة.",1
"تلقيت اللقاح وأنا مقتنع بأهميته في تحقيق المناعة والحماية.",1
"أثق في البحث العلمي وأرى أن اللقاحات هي الحلاقة الصحيحة للتغلب على الفيروس.",1
"تلقيت اللقاح وأشجع الآخرين على القيام بذلك للحفاظ على الصحة.",1
"سعيد بتلقي اللقاح لأنه يعزز فرص الحياة الطبيعية دون قلق من الإصابة.",1
"أرى أن اللقاحات تلعب دورًا هامًا في تحقيق المناعة الجماعية وكبح انتشار الفيروس.",1
"تلقيت اللقاح وأنا واثق من فعاليته في الوقاية من الإصابة بالفيروس.",1
"أشجع الجميع على تلقي اللقاح للمساهمة في إنهاء الجائحة والحماية.",1
"تلقيت اللقاح وأنا ملتزم باتباع التدابير الوقائية للحفاظ على السلامة.",1
"أرى أن اللقاحات هي السبيل للعودة إلى الحياة الطبيعية ورفع القيود.",1
"تلقيت اللقاح وأشعر بالفخر لأنني جزء من جهود التضامن العالمي.",1
"أثق في البحث العلمي وأرى أن اللقاحات هي السبيل للتغلب على التحديات الصحية.",1
"تلقيت اللقاح وأشجع الجميع على القيام بذلك للحفاظ على الأمان.",1
"أرى أن تلقي اللقاح يسهم في تحقيق الاستقرار الصحي والاقتصادي.",1
"تلقيت اللقاح وأنا ملتزم بنشر الوعي حول أهمية التلقيح والوقاية.",1
"أشجع الجميع على تلقي اللقاح للمساهمة في الحفاظ على الحياة الطبيعية.",1
"تلقيت اللقاح وأشعر بالفخر لأنني جزء من حملة اللقاح للتغلب على الجائحة.",1
"أرى أن اللقاحات هي السبيل للعودة إلى الحياة الطبيعية والتغلب على القيود.",1
"تلقيت اللقاح وأؤمن بأنه يحميني ويحمي المجتمع من تداول الفيروس.",1
"أشجع الجميع على تلقي اللقاح للحد من انتشار الفيروس والحفاظ على الصحة.",1
"تلقيت اللقاح وأنا واثق من أنه يساهم في تحقيق المناعة الجماعية.",1
"أرى أن اللقاحات تلعب دورًا هامًا في حماية الأفراد والمجتمع من الفيروس.",1
"تلقيت اللقاح وأشجع الجميع على القيام بذلك للمساهمة في الحفاظ على الصحة.",1
"سعيد بتلقي اللقاح لأنه يمثل خطوة
 حاسمة نحو إنهاء الجائحة.",1
"أرى أن تلقي اللقاح يساهم في حماية الفرد والمجتمع من الإصابة بالفيروس.",1
"تلقيت اللقاح وأشعر بالطمأنينة لأنني أحمي نفسي والمحيطين بي.",1
"أشجع الجميع على تلقي اللقاح لتحقيق المناعة الجماعية والحماية الشخصية.",1
"تلقيت اللقاح وأرى أنه يساهم في استعادة الحياة الطبيعية دون قلق.",1
"أرى أن اللقاحات هي الحلاقة الأمثل لتحقيق المناعة الجماعية وكبح انتشار الفيروس.",1
"تلقيت اللقاح وأؤمن بأنه يساهم في حمايتي وحماية المجتمع من الإصابة بالفيروس.",1
"سعيد بتلقي اللقاح لأنني أرغب في الحفاظ على صحتي وصحة أحبائي.",1
"أشجع الجميع على تلقي اللقاح للمساهمة في التغلب على التحديات الصحية.",1
"تلقيت اللقاح وأرى أنه يشكل خطوة إيجابية نحو العودة إلى الحياة الطبيعية.",1
"أرى أن اللقاحات تلعب دورًا حيويًا في حماية الأفراد والمساهمة في السيطرة على الفيروس.",1
"تلقيت اللقاح وأشعر بالاطمئنان لأنني أحمي نفسي وأساهم في حماية المجتمع.",1
"أشجع الجميع على تلقي اللقاح للحفاظ على الصحة العامة والسيطرة على الجائحة.",1
"سعيد بتلقي اللقاح لأنه يعزز فرص العودة إلى الحياة الطبيعية دون قلق.",1
"أرى أن تلقي اللقاح يساهم في تحقيق المناعة الجماعية وحماية الفرد.",1
"تلقيت اللقاح وأشجع الآخرين على القيام بذلك للمساهمة في التغلب على الفيروس.",1
"أرى أن اللقاحات هي السبيل للتغلب على الجائحة وتحقيق الاستقرار الصحي.",1
"تلقيت اللقاح وأنا ملتزم باتباع التدابير الوقائية للحفاظ على السلامة.",1
"أشجع الجميع على تلقي اللقاح للمساهمة في تحقيق المناعة الجماعية.",1
"تلقيت اللقاح وأشجع الجميع على القيام بذلك للحفاظ على الأمان.",1
"سعيد بتلقي اللقاح لأنه يمثل خطوة هامة نحو إنهاء الجائحة والعودة إلى الحياة الطبيعية.",1
"أرى أن تلقي اللقاح يحقق التوازن بين الحماية الفردية والمشاركة في المناعة الجماعية.",1
"تلقيت اللقاح وأشجع الآخرين على القيام بذلك للحفاظ على الصحة والاستقرار العام.",1
"أرى أن اللقاحات تلعب دورًا حيويًا في تحقيق المناعة الجماعية وحماية الفرد والمجتمع.",1
"تلقيت اللقاح وأشعر بالثقة في قدرته على حمايتي والمساهمة في الحماية الجماعية.",1
"أشجع الجميع على تلقي اللقاح للمساهمة في تحقيق الاستقرار الصحي والاقتصادي.",1
"سعيد بتلقي اللقاح لأنه يعزز فرص الحياة الطبيعية دون قلق من الإصابة.",1
"أرى أن تلقي اللقاح يساهم في حماية الفرد والمجتمع من الإصابة بالفيروس.",1
"تلقيت اللقاح وأشجع الجميع على القيام بذلك للمساهمة في تحقيق المناعة الجماعية.",1
"أرى أن اللقاحات هي السبيل للتغلب على الجائحة وتحقيق الاستقرار الصحي.",1
"تلقيت اللقاح وأشعر بالاطمئنان لأنني أحمي نفسي وأساهم في حماية المجتمع.",1
"أشجع الجميع على تلقي اللقاح للحفاظ على الصحة العامة والسيطرة على الجائحة.",1
"سعيد بتلقي اللقاح لأنه يعزز فرص العودة إلى الحياة الطبيعية دون قلق.",1
"أرى أن تلقي اللقاح يساهم في تحقيق المناعة الجماعية وحماية الفرد.",1
"تلقيت اللقاح وأشجع الآخرين على القيام بذلك للحفاظ على الصحة والاستقرار العام.",1
"أرى أن اللقاحات تلعب دورًا حيويًا في تحقيق المناعة الجماعية وحماية الفرد والمجتمع.",1
"تلقيت اللقاح وأشعر بالثقة في قدرته على حمايتي والمساهمة في الحماية الجماعية.",1
"أشجع الجميع على تلقي اللقاح للمساهمة في تحقيق الاستقرار الصحي والاقتصادي.",1
"سعيد بتلقي اللقاح لأنه يعزز فرص الحياة الطبيعية دون قلق من الإصابة.",1
"أرى أن تلقي اللقاح يساهم في حماية الفرد والمجتمع من الإصابة بالفيروس.",1
"تلقيت اللقاح وأشجع الجميع على القيام بذلك للمساهمة في تحقيق المناعة الجماعية.",1
"أرى أن اللقاحات هي السبيل للتغلب على الجائحة وتحقيق الاستقرار الصحي.",1
"تلقيت اللقاح وأشعر بالاطمئنان لأنني أحمي نفسي وأساهم في حماية المجتمع.",1
"أشجع الجميع على تلقي اللقاح للحفاظ على الصحة العامة والسيطرة على الجائحة.",1
"سعيد بتلقي اللقاح لأنه يعزز فرص العودة إلى الحياة الطبيعية دون قلق.",1
"أرى أن تلقي اللقاح يساهم في تحقيق المناعة الجماعية وحماية الفرد.",1
"تلقيت اللقاح وأشجع الآخرين على القيام بذلك للحفاظ على الصحة والاستقرار العام.",1
"أرى أن اللقاحات هي السبيل للتغلب على الجائحة وتحقيق الاستقرار الصحي.",1
"تلقيت اللقاح وأشعر بالثقة في قدرته على حمايتي والمساهمة في الحماية الجماعية.",1
"أشجع الجميع على تلقي اللقاح للمساهمة في تحقيق الاستقرار الصحي والاقتصادي.",1
"سعيد بتلقي اللقاح لأنه يعزز فرص الحياة الطبيعية دون قلق.",1
"أرى أن تلقي اللقاح يساهم في حماية الفرد والمجتمع من الإصابة بالفيروس.",1
"تلقيت اللقاح وأشجع الجميع على القيام بذلك للمساهمة في تحقيق المناعة الجماعية.",1
"أرى أن اللقاحات هي السبيل للتغلب على الجائحة وتحقيق الاستقرار الصحي.",1
"تلقيت اللقاح وأشعر بالاطمئنان لأنني أحمي نفسي وأساهم في حماية المجتمع.",1
"أشجع الجميع على تلقي اللقاح للحفاظ على الصحة العامة والسيطرة على الجائحة.",1
"سعيد بتلقي اللقاح لأنه يعزز فرص العودة إلى الحياة الطبيعية دون قلق.",1
"أرى أن تلقي اللقاح يساهم في تحقيق المناعة الجماعية وحماية الفرد.",1
"تلقيت اللقاح وأشجع الآخرين على القيام بذلك للحفاظ على الصحة والاستقرار العام.",1
"أرى أن اللقاحات هي السبيل للتغلب على الجائحة وتحقيق الاستقرار الصحي.",1
"تلقيت اللقاح وأشعر بالثقة في قدرته على حمايتي والمساهمة في الحماية الجماعية.",1
"أشجع الجميع على تلقي اللقاح للمساهمة في تحقيق الاستقرار الصحي والاقتصادي.",1
"تلقيت اللقاح وأشجع الآخرين على القيام بذلك للحماية الفردية والجماعية.",1
"أثق في فعالية اللقاحات وأرى أنها تلعب دورًا حاسمًا في تجاوز الأزمة الصحية.",1
"سعيد بتلقي اللقاح لأنه يعزز فرص العودة إلى الحياة الاجتماعية بشكل آمن.",1
"تلقيت اللقاح وأشعر بالفخر لأنني قدمت جهدي للمساهمة في مكافحة الجائحة.",1
"أرى أن اللقاحات تلعب دورًا هامًا في تعزيز المناعة وحماية الأفراد والمجتمع.",1
"تلقيت اللقاح وأنا ملتزم بالالتزام بالإجراءات الوقائية للحفاظ على السلامة.",1
"أثق في فعالية اللقاحات وأشجع الجميع على تلقيها للتغلب على التحديات الصحية.",1
"تلقيت اللقاح وأشعر بالاطمئنان لأنني قد اتخذت خطوة نحو الوقاية الصحية.",1
"أرى أن تلقي اللقاح يعزز من فرص العودة إلى الحياة الطبيعية بدون قيود.",1
"تلقيت اللقاح وأشجع الآخرين على القيام بذلك للمساهمة في تحقيق المناعة الجماعية.",1
"سعيد بتلقي اللقاح لأنه يعزز فرص الحياة الاجتماعية بشكل آمن.",1
"أرى أن اللقاحات هي الوسيلة الأمثل للتغلب على التحديات الصحية الراهنة.",1
"تلقيت اللقاح وأنا ملتزم باتخاذ إجراءات الوقاية لحماية نفسي والآخرين.",1
"أثق في فعالية اللقاحات وأشجع الجميع على تلقيها لتحقيق المناعة الجماعية.",1
"تلقيت اللقاح وأشعر بالاطمئنان لأنني قد حميت نفسي وحميت المجتمع.",1
"أرى أن تلقي اللقاح يسهم في تحقيق الاستقرار الصحي والاقتصادي.",1
"تلقيت اللقاح وأشجع الآخرين على القيام بذلك للمساهمة في الحفاظ على الأمان.",1
"سعيد بتلقي اللقاح لأنه يعزز فرص العودة إلى الحياة الاجتماعية بشكل آمن.",1
"أرى أن اللقاحات هي الوسيلة الأمثل للتغلب على التحديات الصحية الراهنة.",1
"تلقيت اللقاح وأنا ملتزم باتخاذ إجراءات الوقاية لحماية نفسي والآخرين.",1
"أثق في فعالية اللقاحات وأشجع الجميع على تلقيها لتحقيق المناعة الجماعية.",1
"تلقيت اللقاح وأشعر بالاطمئنان لأنني قد حميت نفسي وحميت المجتمع.",1
"أرى أن تلقي اللقاح يسهم في تحقيق الاستقرار الصحي والاقتصادي.",1
"تلقيت اللقاح وأشجع الآخرين على القيام بذلك للمساهمة في الحفاظ على الأمان.",1
"سعيد بتلقي اللقاح لأنه يعزز فرص العودة إلى الحياة الاجتماعية بشكل آمن.",1
"أرى أن اللقاحات هي الوسيلة الأمثل للتغلب على التحديات الصحية الراهنة.",1
"تلقيت اللقاح وأنا ملتزم باتخاذ إجراءات الوقاية لحماية نفسي والآخرين.",1
"أثق في فعالية اللقاحات وأشجع الجميع على تلقيها لتحقيق المناعة الجماعية.",1
"تلقيت اللقاح وأشعر بالاطمئنان لأنني قد حميت نفسي وحميت المجتمع.",1
"أرى أن تلقي اللقاح يسهم في تحقيق الاستقرار الصحي والاقتصادي.",1
"تلقيت اللقاح وأشجع الآخرين على القيام بذلك للمساهمة في الحفاظ على الأمان.",1
"سعيد بتلقي اللقاح لأنه يعزز فرص العودة إلى الحياة الاجتماعية بشكل آمن.",1
"أرى أن اللقاحات هي الوسيلة الأمثل للتغلب على التحديات الصحية الراهنة.",1
"تلقيت اللقاح وأنا ملتزم باتخاذ إجراءات الوقاية لحماية نفسي والآخرين.",1
"أثق في فعالية اللقاحات وأشجع الجميع على تلقيها لتحقيق المناعة الجماعية.",1
"تلقيت اللقاح وأشعر بالاطمئنان لأنني قد حميت نفسي وحميت المجتمع.",1
"أرى أن تلقي اللقاح يسهم في تحقيق الاستقرار الصحي والاقتصادي.",1
"تلقيت اللقاح وأشجع الآخرين على القيام بذلك للمساهمة في الحفاظ على الأمان.",1
"سعيد بتلقي اللقاح لأنه يعزز فرص العودة إلى الحياة الاجتماعية بشكل آمن.",1
"أرى أن اللقاحات هي الوسيلة الأمثل للتغلب على التحديات الصحية الراهنة.",1
"تلقيت اللقاح وأنا ملتزم باتخاذ إجراءات الوقاية لحماية نفسي والآخرين.",1
"أثق في فعالية اللقاحات وأشجع الجميع على تلقيها لتحقيق المناعة الجماعية.",1
"تلقيت اللقاح وأشعر بالاطمئنان لأنني قد حميت نفسي وحميت المجتمع.",1
"أرى أن تلقي اللقاح يسهم في تحقيق الاستقرار الصحي والاقتصادي.",1
"تلقيت اللقاح وأشجع الآخرين على القيام بذلك للمساهمة في الحفاظ على الأمان.",1
"سعيد بتلقي اللقاح لأنه يعزز فرص العودة إلى الحياة الاجتماعية بشكل آمن.",1
"أرى أن اللقاحات هي الوسيلة الأمثل للتغلب على التحديات الصحية الراهنة.",1
"تلقيت اللقاح وأنا ملتزم باتخاذ إجراءات الوقاية لحماية نفسي والآخرين.",1
"أثق في فعالية اللقاحات وأشجع الجميع على تلقيها لتحقيق المناعة الجماعية.",1
"تلقيت اللقاح وأشعر بالاطمئنان لأنني قد حميت نفسي وحميت المجتمع.",1
"أرى أن تلقي اللقاح يسهم في تحقيق الاستقرار الصحي والاقتصادي.",1
"تلقيت اللقاح وأشجع الآخرين على القيام بذلك للمساهمة في الحفاظ على الأمان.",1
"سعيد بتلقي اللقاح لأنه يعزز فرص العودة إلى الحياة الاجتماعية بشكل آمن.",1
"أرى أن اللقاحات هي الوسيلة الأمثل للتغلب على التحديات الصحية الراهنة.",1
"تلقيت اللقاح وأنا ملتزم باتخاذ إجراءات الوقاية لحماية نفسي والآخرين.",1
"أثق في فعالية اللقاحات وأشجع الجميع على تلقيها لتحقيق المناعة الجماعية.",1
"تلقيت اللقاح وأشعر بالاطمئنان لأنني قد حميت نفسي وحميت المجتمع.",1
"أرى أن تلقي اللقاح يسهم في تحقيق الاستقرار الصحي والاقتصادي.",1
"رفضت تلقي اللقاح لأنني لا أثق في فعاليته وسلامته.",0
"أعتقد أن اللقاحات لا تقدم حماية كافية وتحتاج إلى دراسات أكثر.",0
"لا أرى ضرورة تلقي اللقاح حيث لا يوجد ضمان لفعاليته.",0
"رفضت اللقاح لأنني أعتبره تجربة غير مؤكدة ومحفوفة بالمخاطر.",0
"أعتقد أن اللقاحات قد تسبب آثار جانبية خطيرة ولذلك أرفضها.",0
"لا أروج لتلقي اللقاحات لأنها لا تضمن حماية كاملة.",0
"أشك في جودة وسلامة اللقاحات ولذلك أفضل عدم تلقيها.",0
"أرفض اللقاح لأنني أعتبره تجربة غير محققة ومحفوفة بالمخاطر.",0
"لا أروج لتلقي اللقاحات لأنها لا تقدم ضمانًا للوقاية.",0
"أعتبر أن اللقاحات تشكل تهديدًا للصحة بدلاً من حمايتها.",0
"أعتقد أن اللقاحات لا تقدم حلاً فعّالًا لمكافحة الجائحة.",0
"رفضت تلقي اللقاح لأن لدي شكوك في سلامته وفعاليته.",0
"أعتبر أن اللقاحات لا تمنح حماية كافية وتعتبر مجرد تجارب.",0
"لا أروج لتلقي اللقاحات لأنني أخشى من تأثيراتها الجانبية.",0
"أعتبر أن تلقي اللقاح يمكن أن يكون أكثر ضررًا من نفع.",0
"رفضت اللقاح لأنني أعتبره تدخلاً غير ضروري في جسدي.",0
"أعتقد أن اللقاحات تحمل مخاطر صحية غير معروفة.",0
"رفضت تلقي اللقاح لأنني أشك في جودته وفعاليته.",0
"أعتقد أن اللقاحات لا تقدم حماية دائمة وقوية.",0
"لا أروج لتلقي اللقاحات لأنني أخشى من آثارها الجانبية.",0
"أعتبر أن اللقاحات قد تسبب تأثيرات جانبية خطيرة.",0
"رفضت اللقاح لأن لدي تح reservations حول سلامته وفعاليته.",0
"أعتقد أن تلقي اللقاحات يمكن أن يؤدي إلى مشاكل صحية.",0
"أعتبر أن اللقاحات تشكل تهديدًا للصحة العامة بدلاً من حمايتها.",0
"رفضت تلقي اللقاح لأن لدي شكوك في سلامته وفعاليته.",0
"أعتقد أن اللقاحات لا تقدم حماية كافية وتحمل مخاطر غير معروفة.",0
"لا أروج لتلقي اللقاحات لأنها لا تمنح ضمانًا للحماية.",0
"أعتبر أن اللقاحات قد تسبب آثارًا جانبية خطيرة ولذلك أرفضها.",0
"رفضت اللقاح لأنني أعتبره تدخلاً غير ضروري في حياتي.",0
"أعتقد أن اللقاحات لا تضمن حماية كافية وتعتبر تجارب غير مؤكدة.",0
"لا أروج لتلقي اللقاحات لأنها لا تقدم ضمانًا للوقاية.",0
"أعتبر أن تلقي اللقاح قد يؤدي إلى مشاكل صحية غير متوقعة.",0
"رفضت تلقي اللقاح لأن لدي شكوكًا حول سلامته وفعاليته.",0
"أعتقد أن اللقاحات لا تقدم حماية كافية وتحمل مخاطر غير معروفة.",0
"لا أروج لتلقي اللقاحات لأنني أشعر بالقلق من آثارها الجانبية.",0
"أعتبر أن اللقاحات تمثل تجربة غير مؤكدة ومحفوفة بالمخاطر.",0
"رفضت اللقاح لأنني أعتبره تدخلاً غير ضروري في صحتي.",0
"أعتقد أن اللقاحات قد تسبب تأثيرات جانبية خطيرة.",0
"رفضت تلقي اللقاح لأن لدي تحفظات حول سلامته وفعاليته.",0
"أعتقد أن اللقاحات لا تقدم حماية كافية وتحتاج إلى دراسات أكثر.",0
"لا أروج لتلقي اللقاحات لأنها لا تمنح ضمانًا للحماية.",0
"أعتبر أن اللقاحات قد تسبب تأثيرات جانبية خطيرة ولذلك أرفضها.",0
"رفضت اللقاح لأنني أعتبره تدخلاً غير ضروري في حياتي.",0
"أعتقد أن اللقاحات لا تقدم حماية كافية وتحمل مخاطر غير معروفة.",0
"لا أروج لتلقي اللقاحات لأنني أشعر بالقلق من آثارها الجانبية.",0
"أعتبر أن اللقاحات تمثل تجربة غير مؤكدة ومحفوفة بالمخاطر.",0
"رفضت اللقاح لأنني أعتبره تدخلاً غير ضروري في صحتي.",0
"أعتقد أن اللقاحات قد تسبب تأثيرات جانبية خطيرة.",0
"لا أروج لتلقي اللقاحات لأنني أخشى من تأثيراتها الجانبية.",0
"أعتبر أن اللقاحات قد تسبب تأثيرات جانبية خطيرة.",0
"رفضت تلقي اللقاح لأن لدي تحفظات حول سلامته وفعاليته.",0
"أعتقد أن اللقاحات لا تقدم حماية كافية وتحتاج إلى دراسات أكثر.",0
"لا أروج لتلقي اللقاحات لأنها لا تمنح ضمانًا للحماية.",0
"أعتبر أن اللقاحات قد تسبب تأثيرات جانبية خطيرة ولذلك أرفضها.",0
"رفضت اللقاح لأنني أعتبره تدخلاً غير ضروري في حياتي.",0
"أعتقد أن اللقاحات لا تقدم حماية كافية وتحمل مخاطر غير معروفة.",0
"لا أروج لتلقي اللقاحات لأنني أشعر بالقلق من آثارها الجانبية.",0
"أعتبر أن اللقاحات تمثل تجربة غير مؤكدة ومحفوفة بالمخاطر.",0
"رفضت اللقاح لأنني أعتبره تدخلاً غير ضروري في صحتي.",0
"أعتقد أن اللقاحات قد تسبب تأثيرات جانبية خطيرة.",0
"رفضت تلقي اللقاح لأن لدي تحفظات حول سلامته وفعاليته.",0
"أعتقد أن اللقاحات لا تقدم حماية كافية وتحتاج إلى دراسات أكثر.",0
"لا أروج لتلقي اللقاحات لأنها لا تمنح ضمانًا للحماية.",0
"أعتبر أن اللقاحات قد تسبب تأثيرات جانبية خطيرة ولذلك أرفضها.",0
"رفضت اللقاح لأنني أعتبره تدخلاً غير ضروري في حياتي.",0
"أعتقد أن اللقاحات لا تقدم حماية كافية وتحمل مخاطر غير معروفة.",0
"لا أروج لتلقي اللقاحات لأنني أشعر بالقلق من آثارها الجانبية.",0
"أعتبر أن اللقاحات تمثل تجربة غير مؤكدة ومحفوفة بالمخاطر.",0
"رفضت اللقاح لأنني أعتبره تدخلاً غير ضروري في صحتي.",0
"أعتقد أن اللقاحات قد تسبب تأثيرات جانبية خطيرة.",0
"رفضت تلقي اللقاح لأن لدي تحفظات حول سلامته وفعاليته.",0
"أعتقد أن اللقاحات لا تقدم حماية كافية وتحتاج إلى دراسات أكثر.",0
"لا أروج لتلقي اللقاحات لأنها لا تمنح ضمانًا للحماية.",0
"أعتبر أن اللقاحات قد تسبب تأثيرات جانبية خطيرة ولذلك أرفضها.",0
"رفضت اللقاح لأنني أعتبره تدخلاً غير ضروري في حياتي.",0
"أعتقد أن اللقاحات لا تقدم حماية كافية وتحمل مخاطر غير معروفة.",0
"لا أروج لتلقي اللقاحات لأنني أشعر بالقلق من آثارها الجانبية.",0
"أعتبر أن اللقاحات تمثل تجربة غير مؤكدة ومحفوفة بالمخاطر.",0
"رفضت اللقاح لأنني أعتبره تدخلاً غير ضروري في صحتي.",0
"أعتقد أن اللقاحات قد تسبب تأثيرات جانبية خطيرة.",0
"تلقيت اللقاح ولكن شعرت بآثار جانبية كثيرة وذلك يجعلني أتردد في تلقي الجرعات اللاحقة.",0
"أخشى من آثار اللقاح على الطويل المدى والتي قد تظهر لاحقًا.",0
"لم أتلق اللقاح بسبب الأخبار المتداولة حول حالات الآثار الجانبية الخطيرة.",0
"لا أثق في فعالية اللقاح ولا أرى أنه يوفر حماية كافية.",0
"تلقيت اللقاح ولكن شعرت بتغيرات في حالتي الصحية بشكل سلبي.",0
"رفضت اللقاح بناءً على تقارير عن حالات تأثيرات جانبية خطيرة.",0
"أعتقد أن اللقاح يشكل تهديدًا لصحتي ولا أرغب في تعريض نفسي للمخاطر.",0
"لم أتلق اللقاح لأنني أعتبره تدخلاً غير آمن في جسمي.",0
"أشعر بالقلق بشأن تأثيرات اللقاح على نظام المناعة والصحة العامة.",0
"تلقيت اللقاح ولكن شعرت بأعراض شديدة لا أستطيع تجاوزها.",0
"أتخوف من تأثيرات اللقاح على صحتي الجسدية والنفسية.",0
"رغم تلقي اللقاح، لا زلت غير متأكد من فعاليته وسلامته.",0
"تلقيت اللقاح ولكن تجربتي كانت سلبية بسبب الآثار الجانبية الشديدة.",0
"أعتبر أن تلقي اللقاح يعرضني للمزيد من المخاطر بدلاً من الفوائد.",0
"لست مقتنعًا بأن اللقاح يقدم حماية فعالة، ولذلك لا أرغب في تلقيه.",0
"رفضت اللقاح بناءً على تجارب سابقة سلبية لشخص مقرب.",0
"أشك في نجاعة اللقاحات الحالية في مواجهة سلالات جديدة من الفيروس.",0
"تلقيت اللقاح ولكن لا زلت أخشى من التأثيرات الجانبية غير المعروفة.",0
"أعتقد أن اللقاحات لا توفر حماية كافية ضد سلالات متحورة جديدة.",0
"رغم تلقي اللقاح، أشعر بعدم الارتياح والقلق بشأن صحتي.",0
"تلقيت اللقاح ولكن لا أثق في فعاليته ضد سلالات الفيروس المتحورة.",0
"أعتبر أن اللقاحات تعرضني للمزيد من المخاطر دون فائدة ملموسة.",0
"تلقيت اللقاح ولكن لا أرى أي تحسن في الوضع الصحي العام.",0
"رفضت اللقاح لأنني أعتبره جزءًا من مؤامرة للتحكم في السكان.",0
"أشك في نزاهة الجهات الرسمية في توفير معلومات دقيقة حول اللقاحات.",0
"لست مقتنعًا بأن اللقاح يحقق فعالية حقيقية في منع انتشار الفيروس.",0
"تلقيت اللقاح ولكن لا زلت قلقًا بشأن تأثيراته الجانبية المستقبلية.",0
"أخشى من تأثيرات اللقاح على جودة حياتي وصحتي العامة.",0
"رغم تلقي اللقاح، أشعر بعدم الاطمئنان والقلق بشأن مستقبل صحتي.",0
"أعتبر أن تلقي اللقاح يشكل تدخلاً غير مبرر في حياتي الشخصية.",0
"لم أتلق اللقاح بسبب عدم ثقتي في مصادر المعلومات حول سلامته.",0
"أشعر بالقلق بشأن تأثيرات اللقاح على جهاز المناعة في المستقبل.",0
"تلقيت اللقاح ولكن لا أثق في قدرته على منع الإصابة بالفيروس.",0
"رفضت اللقاح لأنني أشعر بأنه لا يحمي بشكل كافي ضد الإصابة.",0
"أعتبر أن اللقاحات تمثل تدخلاً غير ضروري في الحياة اليومية.",0
"لم أتلق اللقاح بسبب عدم وجود دراسات كافية حول آثاره الجانبية.",0
"أخشى من تأثيرات اللقاح على نظام الأوعية الدموية والقلب.",0
"رفضت اللقاح لأنني أعتبر أن الإجبار على التلقيح يمس بحقوقي الشخصية.",0
"أعتبر أن اللقاحات تشكل تهديدًا للتنوع الوراثي والصحة البيئية.",0
"تلقيت اللقاح ولكن لا زلت أعاني من مشاكل صحية تشملها الآثار الجانبية.",0
"رغم تلقي اللقاح، أشعر بالقلق من التأثيرات الطويلة المدى على صحتي.",0
"أعاني من آثار جانبية خطيرة بعد تلقي اللقاح، مما يثير قلقي حيال سلامتي.",0
"تجربتي مع اللقاح كانت سلبية جدًا، ولا يمكنني تجاوز الآثار الصحية السلبية.",0
"أشعر بألم حاد وتورم في مكان الحقنة بعد تلقي اللقاح، وهو أمر مقلق.",0
"رفضت تلقي اللقاح بعد مشاهدة تقارير عن حالات وفاة ناتجة عن تأثيرات جانبية.",0
"تلقيت اللقاح ولكن لا زلت أعاني من أعراض طبية لا يمكن تفسيرها بشكل جيد.",0
"أعاني من تساقط الشعر وفقدان الشهية منذ تلقي اللقاح، مما يثير خوفي.",0
"تلقيت اللقاح وظهرت عندي حساسية جلدية خطيرة، مما أدى إلى زيارات مكررة للطبيب.",0



